클뜯 id,아이웨어,자세,방향,강조부위,머리색,머리 다중색,눈색,수인특징
100000,없음,기타,정면,없음,은발·백발,단색,,없음
100001,없음,앉기·무릎꿇기,정면,다리·발,은발·백발,단색,청색,"꼬리, 뿔"
100002,없음,기타,정면,없음,은발·백발,단색,청색,없음
100010,없음,서기,정면,없음,금발,단색,,없음
100011,고글,기타,정면,없음,금발,단색,적색,없음
100020,없음,기타,정면,없음,분홍,단색,녹색,없음
100021,없음,서기,후면,엉덩이,분홍,그라데이션,녹색,없음
101020,없음,앉기·무릎꿇기,정면,없음,보라,단색,금색,없음
101021,없음,엎드리기,후면,엉덩이,보라,단색,금색,없음
101022,없음,앉기·무릎꿇기,정면,없음,보라,단색,금색,동물귀
101030,없음,서기,정면,없음,흑발,단색,오드아이,없음
101031,없음,앉기·무릎꿇기,정면,없음,보라,단색,오드아이,없음
101039,없음,앉기·무릎꿇기,정면,없음,보라,그라데이션,금색,없음
101040,없음,서기,정면,없음,은발·백발,단색,적색,없음
101041,없음,앉기·무릎꿇기,후면,없음,은발·백발,단색,금색,없음
101049,없음,기타,정면,없음,은발·백발,브릿지,적색,없음
101050,없음,서기,정면,없음,금발,단색,청색,없음
101051,없음,앉기·무릎꿇기,정면,없음,금발,단색,청색,없음
101060,없음,서기,정면,없음,분홍,단색,금색,없음
101061,없음,서기,정면,없음,분홍,단색,금색,없음
101070,없음,앉기·무릎꿇기,정면,없음,분홍,단색,청색,없음
101080,없음,서기,정면,없음,금발,단색,금색,없음
101089,없음,서기,정면,다리·발,금발,단색,금색,없음
101090,안경,앉기·무릎꿇기,정면,없음,적발,단색,금색,없음
101100,없음,기타,정면,없음,금발,단색,보라,없음
101101,없음,서기,정면,없음,금발,단색,보라,없음
101110,없음,서기,정면,없음,금발,그라데이션,보라,없음
101119,없음,서기,정면,없음,금발,단색,보라,없음
101120,없음,서기,정면,없음,은발·백발,단색,갈색,없음
101130,없음,서기,후면,없음,적발,단색,녹색,없음
101140,없음,앉기·무릎꿇기,정면,없음,녹발,단색,금색,없음
101150,없음,서기,정면,없음,분홍,단색,금색,없음
101160,없음,서기,정면,없음,금발,단색,갈색,동물귀
101161,없음,서기,후면,없음,금발,단색,금색,동물귀
101170,없음,서기,정면,없음,은발·백발,단색,적색,없음
101172,없음,서기,정면,없음,은발·백발,단색,적색,없음
101173,없음,앉기·무릎꿇기,정면,없음,은발·백발,단색,적색,동물귀
101174,없음,서기,정면,없음,은발·백발,단색,적색,없음
101175,없음,앉기·무릎꿇기,정면,없음,보라,단색,분홍,동물귀
101176,없음,서기,정면,없음,은발·백발,단색,적색,없음
101177,없음,눕기,정면,없음,은발·백발,단색,적색,없음
101178,없음,서기,정면,없음,은발·백발,단색,적색,동물귀
101179,없음,기타,정면,없음,은발·백발,단색,적색,없음
101240,없음,서기,정면,없음,은발·백발,단색,녹색,동물귀
101249,없음,서기,정면,없음,은발·백발,단색,녹색,동물귀
101250,없음,서기,정면,없음,은발·백발,단색,청색,"동물귀, 꼬리"
101251,없음,서기,정면,없음,은발·백발,단색,청색,동물귀
101252,없음,서기,정면,없음,은발·백발,단색,청색,없음
101253,없음,서기,정면,없음,은발·백발,단색,청색,"동물귀, 꼬리"
101254,없음,눕기,정면,없음,은발·백발,단색,청색,없음
101255,없음,서기,후면,없음,은발·백발,단색,녹색,없음
101259,없음,서기,정면,없음,은발·백발,단색,청색,동물귀
101260,없음,앉기·무릎꿇기,정면,없음,금발,단색,적색,없음
101261,없음,앉기·무릎꿇기,정면,없음,금발,단색,분홍,없음
101262,없음,앉기·무릎꿇기,정면,없음,금발,단색,분홍,없음
101263,안경,서기,정면,없음,금발,단색,분홍,없음
101264,없음,서기,정면,없음,금발,단색,분홍,"동물귀, 꼬리"
101265,없음,기타,정면,없음,금발,단색,분홍,없음
101266,없음,서기,정면,없음,금발,단색,적색,없음
101268,없음,눕기,정면,없음,금발,단색,보라,없음
101269,없음,서기,정면,없음,금발,단색,적색,없음
101270,없음,서기,정면,없음,적발,단색,적색,없음
101271,없음,기타,정면,없음,적발,단색,적색,없음
101272,없음,서기,후면,없음,적발,단색,갈색,없음
101279,없음,기타,정면,없음,적발,단색,적색,없음
101290,없음,서기,정면,없음,분홍,단색,청색,없음
101291,없음,서기,후면,없음,분홍,단색,청색,동물귀
101300,없음,서기,정면,없음,금발,단색,적색,없음
101301,없음,거꾸로,정면,없음,금발,단색,금색,없음
101310,없음,앉기·무릎꿇기,정면,없음,은발·백발,단색,적색,없음
101311,없음,앉기·무릎꿇기,정면,없음,은발·백발,단색,오드아이,없음
101312,없음,눕기,정면,없음,은발·백발,단색,오드아이,없음
101313,없음,서기,후면,엉덩이,은발·백발,단색,오드아이,없음
101314,없음,앉기·무릎꿇기,정면,없음,은발·백발,단색,오드아이,없음
101319,없음,서기,정면,없음,은발·백발,단색,오드아이,없음
101330,없음,앉기·무릎꿇기,정면,다리·발,보라,단색,보라,없음
101331,없음,앉기·무릎꿇기,후면,없음,보라,단색,보라,없음
101340,없음,앉기·무릎꿇기,후면,없음,보라,단색,분홍,없음
101350,없음,서기,정면,다리·발,금발,단색,보라,없음
101351,선글라스,앉기·무릎꿇기,정면,없음,금발,단색,보라,없음
101352,고글,서기,정면,없음,금발,단색,금색,없음
101360,없음,기타,정면,없음,은발·백발,단색,분홍,없음
101361,없음,서기,정면,없음,은발·백발,그라데이션,보라,동물귀
101370,없음,서기,정면,없음,금발,브릿지,청색,없음
101371,없음,눕기,정면,없음,금발,그라데이션,청색,없음
101380,없음,앉기·무릎꿇기,정면,다리·발,갈색,단색,적색,없음
101382,없음,앉기·무릎꿇기,정면,없음,갈색,단색,적색,없음
101390,없음,기타,정면,없음,보라,단색,금색,없음
101392,없음,앉기·무릎꿇기,정면,없음,보라,단색,금색,없음
101400,없음,서기,후면,엉덩이,분홍,단색,적색,없음
101401,없음,서기,정면,없음,분홍,그라데이션,적색,없음
101410,없음,기타,정면,없음,분홍,단색,보라,없음
101420,없음,기타,정면,다리·발,금발,단색,청색,없음
101421,없음,기타,정면,없음,금발,단색,청색,"뿔, 날개"
101430,없음,서기,정면,없음,은발·백발,그라데이션,청색,없음
101431,없음,앉기·무릎꿇기,정면,없음,은발·백발,그라데이션,청색,없음
101440,없음,서기,정면,없음,흑발,단색,분홍,없음
101441,없음,기타,정면,가슴,흑발,단색,분홍,없음
101442,없음,앉기·무릎꿇기,후면,없음,흑발,단색,적색,없음
101450,없음,기타,정면,없음,흑발,단색,적색,없음
101451,없음,앉기·무릎꿇기,정면,다리·발,흑발,단색,적색,동물귀
101452,안대,기타,후면,없음,청발,단색,적색,없음
101460,없음,서기,정면,없음,금발,단색,청색,없음
101461,없음,눕기,정면,다리·발,금발,단색,보라,없음
101470,없음,서기,정면,없음,갈색,단색,금색,없음
101471,없음,엎드리기,정면,없음,금발,단색,금색,동물귀
101472,없음,앉기·무릎꿇기,후면,없음,금발,단색,금색,없음
101480,안경,앉기·무릎꿇기,정면,없음,갈색,단색,적색,없음
101481,안경,앉기·무릎꿇기,정면,없음,흑발,단색,적색,없음
101490,없음,서기,정면,없음,흑발,단색,금색,없음
101491,없음,앉기·무릎꿇기,정면,없음,갈색,단색,금색,없음
101492,없음,서기,정면,없음,흑발,브릿지,금색,없음
101500,없음,기타,정면,없음,은발·백발,단색,녹색,없음
101501,없음,앉기·무릎꿇기,정면,다리·발,은발·백발,단색,청색,없음
101502,없음,거꾸로,정면,엉덩이,은발·백발,단색,청색,동물귀
101510,없음,앉기·무릎꿇기,정면,없음,은발·백발,단색,적색,없음
101511,없음,서기,정면,없음,은발·백발,단색,적색,동물귀
101512,없음,앉기·무릎꿇기,정면,없음,은발·백발,단색,적색,동물귀
101520,없음,서기,정면,없음,흑발,단색,보라,없음
101521,없음,서기,정면,없음,흑발,단색,은색·회색,없음
101530,없음,서기,정면,없음,은발·백발,단색,적색,뿔
101531,없음,기타,정면,없음,은발·백발,단색,적색,"동물귀, 꼬리"
101550,없음,서기,정면,없음,흑발,단색,청색,없음
101551,없음,눕기,정면,없음,흑발,단색,청색,없음
102010,없음,서기,정면,없음,녹발,단색,금색,없음
102020,안경,서기,정면,없음,갈색,단색,적색,없음
102030,없음,서기,정면,없음,금발,그라데이션,분홍,없음
102040,없음,서기,정면,다리·발,적발,그라데이션,금색,없음
102050,없음,서기,정면,없음,청발,그라데이션,보라,없음
102051,없음,서기,정면,없음,청발,그라데이션,보라,없음
102052,없음,서기,정면,없음,청발,그라데이션,보라,없음
102053,없음,서기,정면,없음,청발,그라데이션,분홍,없음
102054,없음,서기,후면,엉덩이,청발,그라데이션,분홍,없음
102058,없음,서기,정면,없음,청발,그라데이션,보라,없음
102059,없음,기타,정면,없음,청발,그라데이션,보라,없음
102060,없음,앉기·무릎꿇기,정면,없음,분홍,단색,청색,없음
102070,없음,앉기·무릎꿇기,정면,다리·발,금발,단색,적색,없음
102071,없음,앉기·무릎꿇기,정면,없음,금발,단색,갈색,없음
102079,없음,기타,정면,없음,금발,단색,갈색,없음
102080,없음,기타,정면,없음,분홍,단색,청색,없음
102081,없음,서기,정면,없음,적발,단색,청색,없음
102088,없음,서기,후면,다리·발,적발,단색,청색,없음
102089,없음,서기,정면,없음,적발,단색,청색,없음
102090,없음,서기,정면,없음,금발,단색,적색,없음
102091,없음,앉기·무릎꿇기,정면,없음,금발,단색,적색,"뿔, 날개"
102092,없음,서기,정면,없음,금발,단색,적색,없음
102093,없음,서기,정면,없음,금발,단색,적색,없음
102094,없음,서기,정면,없음,금발,단색,적색,없음
102095,없음,서기,정면,없음,금발,단색,적색,없음
102096,없음,서기,정면,없음,금발,단색,적색,없음
102097,없음,앉기·무릎꿇기,정면,다리·발,금발,단색,적색,동물귀
102098,없음,서기,정면,없음,금발,단색,적색,없음
102100,선글라스,서기,정면,없음,금발,단색,분홍,없음
102101,없음,앉기·무릎꿇기,정면,없음,금발,단색,분홍,없음
102102,없음,앉기·무릎꿇기,정면,없음,금발,단색,분홍,없음
102110,없음,앉기·무릎꿇기,정면,없음,금발,브릿지,청색,없음
102120,없음,서기,정면,없음,적발,그라데이션,금색,없음
102121,없음,앉기·무릎꿇기,정면,없음,적발,그라데이션,적색,없음
102122,선글라스,앉기·무릎꿇기,정면,없음,적발,그라데이션,적색,없음
102123,없음,앉기·무릎꿇기,후면,엉덩이,적발,단색,적색,없음
102124,없음,서기,후면,없음,적발,그라데이션,적색,없음
102130,없음,서기,정면,없음,청발,단색,보라,없음
102131,없음,앉기·무릎꿇기,정면,다리·발,청발,단색,분홍,없음
102132,없음,앉기·무릎꿇기,정면,다리·발,청발,그라데이션,분홍,없음
102133,없음,앉기·무릎꿇기,정면,다리·발,청발,단색,보라,없음
102134,선글라스,엎드리기,정면,엉덩이,청발,단색,분홍,없음
102140,없음,서기,정면,없음,은발·백발,단색,적색,동물귀
102141,없음,서기,정면,없음,은발·백발,단색,적색,동물귀
102142,없음,앉기·무릎꿇기,정면,없음,은발·백발,단색,적색,없음
102143,없음,눕기,정면,없음,은발·백발,단색,적색,없음
102150,없음,서기,정면,없음,은발·백발,단색,청색,없음
102151,없음,눕기,정면,다리·발,은발·백발,단색,청색,없음
102160,없음,서기,정면,없음,분홍,단색,녹색,없음
102161,없음,서기,정면,없음,분홍,단색,녹색,없음
102162,없음,앉기·무릎꿇기,정면,없음,분홍,단색,녹색,없음
102163,없음,앉기·무릎꿇기,정면,없음,분홍,단색,녹색,없음
102180,없음,앉기·무릎꿇기,정면,다리·발,금발,단색,적색,없음
102181,없음,앉기·무릎꿇기,정면,없음,금발,단색,적색,없음
102182,없음,앉기·무릎꿇기,정면,다리·발,금발,단색,적색,없음
102190,없음,앉기·무릎꿇기,정면,없음,청발,그라데이션,분홍,없음
102200,없음,서기,정면,없음,금발,단색,적색,없음
102210,없음,기타,정면,없음,적발,단색,청색,없음
102220,없음,서기,정면,없음,금발,단색,금색,없음
102221,없음,앉기·무릎꿇기,후면,없음,금발,단색,금색,없음
102230,없음,서기,정면,없음,적발,단색,적색,없음
102231,없음,서기,정면,없음,적발,단색,적색,없음
102232,없음,서기,정면,없음,적발,단색,금색,없음
102233,고글,기타,정면,없음,적발,단색,적색,없음
102234,없음,서기,정면,없음,적발,단색,적색,없음
102240,없음,서기,정면,없음,금발,단색,적색,없음
102250,없음,서기,정면,없음,보라,단색,보라,없음
102251,없음,앉기·무릎꿇기,정면,없음,보라,단색,보라,없음
102252,없음,앉기·무릎꿇기,정면,없음,청발,단색,청색,없음
102253,없음,서기,후면,없음,보라,단색,보라,없음
102254,없음,앉기·무릎꿇기,정면,없음,청발,그라데이션,청색,없음
102260,없음,서기,정면,없음,은발·백발,단색,보라,없음
102261,없음,서기,정면,없음,은발·백발,단색,보라,없음
102262,없음,앉기·무릎꿇기,정면,다리·발,은발·백발,단색,보라,없음
102263,없음,앉기·무릎꿇기,정면,다리·발,은발·백발,단색,보라,없음
102264,없음,서기,후면,없음,은발·백발,단색,보라,없음
102270,없음,서기,정면,없음,금발,브릿지,청색,없음
102271,없음,서기,정면,엉덩이,금발,브릿지,청색,없음
102272,없음,서기,후면,엉덩이,금발,단색,청색,없음
102273,없음,앉기·무릎꿇기,정면,다리·발,금발,브릿지,청색,없음
102274,없음,서기,정면,없음,금발,브릿지,청색,없음
102290,없음,기타,정면,없음,청발,단색,금색,없음
102291,없음,앉기·무릎꿇기,정면,없음,청발,단색,금색,동물귀
102292,없음,앉기·무릎꿇기,정면,없음,청발,그라데이션,금색,없음
102293,없음,서기,정면,없음,청발,단색,금색,없음
102294,없음,엎드리기,정면,가슴,청발,단색,금색,없음
102310,없음,서기,후면,없음,보라,그라데이션,녹색,없음
102311,없음,앉기·무릎꿇기,정면,없음,보라,단색,녹색,동물귀
102320,없음,서기,후면,없음,청발,단색,금색,없음
102330,없음,기타,정면,없음,은발·백발,단색,녹색,없음
102331,없음,앉기·무릎꿇기,정면,가슴,은발·백발,단색,녹색,없음
102340,없음,서기,후면,엉덩이,은발·백발,그라데이션,청색,없음
102341,안대,앉기·무릎꿇기,정면,없음,보라,단색,청색,동물귀
102350,없음,서기,정면,없음,분홍,단색,보라,없음
102351,없음,엎드리기,정면,엉덩이,분홍,브릿지,보라,"동물귀, 꼬리"
103010,없음,서기,정면,없음,분홍,단색,적색,없음
103020,없음,앉기·무릎꿇기,정면,없음,녹발,단색,녹색,없음
103030,없음,서기,정면,없음,보라,그라데이션,녹색,없음
103040,없음,서기,정면,없음,금발,단색,청색,없음
103050,없음,서기,정면,없음,분홍,단색,녹색,없음
103060,없음,서기,정면,없음,은발·백발,단색,청색,없음
103061,없음,기타,정면,다리·발,은발·백발,단색,청색,없음
103069,없음,기타,정면,없음,은발·백발,단색,청색,없음
103070,없음,앉기·무릎꿇기,정면,없음,분홍,단색,청색,없음
103071,없음,앉기·무릎꿇기,정면,없음,은발·백발,단색,오드아이,뿔
103072,없음,앉기·무릎꿇기,정면,없음,은발·백발,단색,오드아이,없음
103080,없음,서기,정면,없음,금발,단색,보라,없음
103081,없음,서기,정면,없음,금발,단색,보라,없음
103082,없음,앉기·무릎꿇기,정면,없음,금발,단색,청색,동물귀
103090,없음,서기,정면,없음,분홍,단색,보라,없음
103091,없음,앉기·무릎꿇기,정면,없음,분홍,단색,갈색,없음
103100,없음,서기,정면,없음,은발·백발,단색,청색,없음
103101,없음,엎드리기,정면,없음,청발,단색,청색,없음
103102,없음,서기,정면,없음,청발,단색,청색,없음
103110,없음,기타,정면,없음,적발,단색,적색,없음
103111,없음,서기,정면,없음,적발,단색,적색,없음
103112,없음,앉기·무릎꿇기,정면,없음,적발,단색,적색,날개
103120,없음,서기,정면,없음,은발·백발,그라데이션,청색,없음
103121,없음,앉기·무릎꿇기,정면,없음,은발·백발,단색,청색,동물귀
103130,없음,거꾸로,정면,없음,은발·백발,단색,적색,없음
103131,없음,앉기·무릎꿇기,정면,다리·발,은발·백발,단색,적색,없음
103132,없음,기타,정면,다리·발,은발·백발,단색,적색,없음
103133,없음,앉기·무릎꿇기,정면,없음,은발·백발,단색,보라,날개
103138,없음,서기,후면,없음,은발·백발,단색,보라,없음
103140,없음,서기,정면,없음,은발·백발,단색,분홍,없음
103141,없음,앉기·무릎꿇기,정면,다리·발,흑발,단색,보라,동물귀
103142,없음,기타,정면,다리·발,흑발,브릿지,적색,없음
103160,없음,서기,정면,없음,갈색,단색,금색,없음
103161,없음,서기,정면,없음,갈색,단색,금색,없음
103162,없음,서기,정면,없음,갈색,단색,금색,없음
103163,없음,서기,정면,없음,갈색,단색,금색,없음
103164,없음,서기,정면,없음,갈색,단색,금색,없음
103165,없음,앉기·무릎꿇기,정면,없음,갈색,단색,금색,없음
103168,없음,서기,정면,없음,갈색,단색,녹색,없음
103240,고글,서기,정면,없음,분홍,브릿지,분홍,없음
103241,없음,앉기·무릎꿇기,정면,없음,분홍,단색,분홍,없음
103242,없음,서기,정면,없음,분홍,그라데이션,보라,없음
103243,없음,서기,정면,없음,분홍,브릿지,분홍,없음
103244,없음,앉기·무릎꿇기,정면,없음,분홍,단색,보라,없음
103245,선글라스,앉기·무릎꿇기,정면,가슴,분홍,브릿지,분홍,없음
103248,없음,서기,후면,없음,분홍,그라데이션,적색,없음
103250,없음,서기,정면,없음,흑발,단색,금색,없음
103260,없음,서기,정면,없음,흑발,브릿지,녹색,없음
103261,고글,앉기·무릎꿇기,정면,없음,흑발,그라데이션,녹색,없음
103262,없음,눕기,정면,없음,흑발,기타,녹색,없음
103270,없음,서기,정면,없음,보라,단색,청색,없음
103271,없음,서기,정면,없음,보라,단색,청색,동물귀
103280,없음,서기,정면,없음,흑발,단색,적색,없음
103281,없음,앉기·무릎꿇기,정면,없음,보라,단색,적색,없음
103290,고글,앉기·무릎꿇기,정면,없음,금발,단색,분홍,없음
104010,없음,앉기·무릎꿇기,정면,없음,은발·백발,그라데이션,청색,없음
104011,없음,서기,정면,없음,은발·백발,단색,보라,동물귀
105010,없음,서기,정면,없음,금발,단색,금색,없음
105011,없음,앉기·무릎꿇기,정면,다리·발,금발,단색,금색,없음
105019,없음,서기,정면,없음,금발,단색,금색,없음
105020,없음,서기,정면,없음,금발,단색,청색,없음
105021,안대,서기,정면,없음,은발·백발,단색,청색,없음
105029,없음,서기,정면,없음,금발,단색,청색,없음
105030,없음,서기,정면,없음,갈색,단색,녹색,없음
105031,없음,기타,정면,없음,흑발,기타,녹색,없음
105040,없음,앉기·무릎꿇기,후면,없음,흑발,단색,녹색,없음
105041,없음,앉기·무릎꿇기,정면,다리·발,흑발,단색,녹색,없음
105070,없음,서기,정면,없음,금발,단색,청색,없음
105080,없음,서기,정면,없음,금발,단색,청색,없음
105090,없음,서기,정면,없음,은발·백발,단색,적색,없음
105092,없음,서기,정면,없음,은발·백발,단색,적색,없음
105093,없음,앉기·무릎꿇기,정면,다리·발,은발·백발,단색,갈색,없음
105099,없음,서기,정면,없음,은발·백발,단색,분홍,없음
105100,없음,서기,정면,없음,적발,단색,적색,없음
105102,없음,앉기·무릎꿇기,정면,없음,적발,단색,적색,없음
105109,없음,서기,정면,없음,적발,단색,적색,없음
105110,없음,서기,정면,없음,흑발,그라데이션,적색,없음
105112,없음,서기,정면,없음,흑발,단색,분홍,없음
105119,없음,서기,정면,없음,흑발,단색,적색,없음
105120,없음,서기,정면,없음,금발,단색,청색,없음
105121,없음,눕기,정면,없음,금발,단색,청색,동물귀
105122,없음,엎드리기,정면,엉덩이,금발,단색,청색,없음
105130,없음,서기,정면,없음,은발·백발,단색,청색,없음
105131,없음,앉기·무릎꿇기,정면,없음,은발·백발,단색,청색,없음
105132,없음,앉기·무릎꿇기,정면,엉덩이,은발·백발,단색,청색,없음
105140,없음,앉기·무릎꿇기,정면,없음,흑발,단색,금색,없음
105141,없음,앉기·무릎꿇기,후면,없음,흑발,단색,금색,없음
105150,없음,서기,정면,없음,은발·백발,단색,청색,없음
105151,없음,앉기·무릎꿇기,정면,없음,은발·백발,단색,청색,없음
105170,없음,서기,정면,없음,은발·백발,단색,보라,없음
105171,없음,서기,후면,엉덩이,은발·백발,단색,청색,동물귀
105172,없음,엎드리기,후면,엉덩이,청발,그라데이션,청색,없음
105173,없음,서기,정면,없음,청발,그라데이션,청색,없음
105174,없음,앉기·무릎꿇기,정면,다리·발,청발,단색,청색,없음
105178,없음,서기,후면,없음,청발,그라데이션,청색,동물귀
105190,없음,서기,정면,없음,은발·백발,기타,청색,없음
105191,없음,앉기·무릎꿇기,정면,다리·발,은발·백발,단색,금색,없음
105200,없음,기타,정면,없음,은발·백발,단색,적색,없음
105201,없음,앉기·무릎꿇기,후면,엉덩이,은발·백발,단색,적색,없음
105202,없음,서기,정면,엉덩이,은발·백발,단색,적색,없음
106010,없음,서기,정면,없음,갈색,단색,청색,없음
106011,없음,앉기·무릎꿇기,정면,다리·발,갈색,단색,청색,없음
106013,없음,앉기·무릎꿇기,정면,없음,보라,단색,청색,없음
106014,없음,앉기·무릎꿇기,정면,다리·발,흑발,단색,청색,없음
106015,없음,앉기·무릎꿇기,정면,없음,갈색,단색,청색,없음
106019,없음,서기,정면,없음,갈색,단색,보라,없음
106020,없음,기타,정면,없음,금발,단색,청색,없음
106029,없음,서기,후면,엉덩이,금발,단색,청색,없음
106550,없음,서기,정면,없음,은발·백발,단색,보라,없음
106551,없음,앉기·무릎꿇기,정면,다리·발,은발·백발,단색,보라,없음
107010,안경,서기,정면,없음,녹발,단색,갈색,없음
107019,안경,서기,정면,없음,녹발,단색,갈색,없음
107020,없음,눕기,정면,없음,분홍,단색,보라,없음
107021,없음,앉기·무릎꿇기,정면,다리·발,분홍,단색,보라,없음
107030,없음,서기,정면,없음,분홍,단색,보라,없음
107031,없음,서기,정면,없음,분홍,단색,보라,없음
107032,없음,서기,후면,없음,분홍,단색,보라,없음
107033,없음,서기,정면,없음,분홍,단색,보라,없음
107034,없음,서기,정면,없음,분홍,단색,보라,없음
107035,없음,서기,정면,없음,분홍,단색,보라,없음
107036,없음,서기,정면,없음,분홍,단색,보라,없음
107037,없음,앉기·무릎꿇기,정면,없음,분홍,단색,보라,없음
107038,없음,서기,정면,없음,분홍,단색,보라,없음
107039,없음,서기,정면,없음,분홍,단색,보라,없음
107040,없음,서기,정면,없음,분홍,단색,보라,없음
107049,없음,기타,정면,가슴,분홍,단색,청색,없음
107050,없음,서기,정면,없음,은발·백발,단색,청색,없음
107051,없음,서기,정면,없음,은발·백발,단색,청색,없음
107052,없음,서기,정면,없음,은발·백발,단색,청색,없음
107058,없음,서기,후면,없음,은발·백발,단색,청색,없음
107060,없음,서기,정면,없음,은발·백발,단색,보라,없음
107061,없음,서기,정면,없음,은발·백발,단색,보라,없음
107062,없음,서기,정면,없음,은발·백발,단색,보라,없음
107063,선글라스,서기,정면,없음,은발·백발,단색,보라,없음
107064,없음,서기,후면,없음,은발·백발,단색,보라,없음
107065,없음,서기,정면,없음,은발·백발,단색,보라,없음
107066,없음,서기,후면,엉덩이,은발·백발,단색,보라,없음
107067,선글라스,서기,후면,없음,은발·백발,단색,보라,없음
107068,없음,서기,정면,없음,은발·백발,단색,보라,없음
107070,없음,서기,정면,없음,금발,단색,녹색,없음
107071,없음,서기,정면,없음,금발,단색,녹색,없음
107072,없음,앉기·무릎꿇기,정면,없음,금발,단색,녹색,없음
107073,없음,기타,정면,없음,금발,단색,녹색,없음
107080,없음,서기,정면,없음,금발,단색,녹색,없음
107090,없음,서기,정면,없음,은발·백발,그라데이션,갈색,없음
107091,없음,앉기·무릎꿇기,정면,없음,청발,단색,금색,없음
107092,없음,앉기·무릎꿇기,정면,없음,은발·백발,단색,금색,없음
107093,없음,서기,정면,없음,청발,그라데이션,금색,없음
107094,없음,서기,정면,없음,보라,단색,금색,없음
107095,없음,앉기·무릎꿇기,정면,없음,청발,단색,적색,없음
107096,없음,서기,정면,없음,청발,단색,갈색,없음
107097,없음,앉기·무릎꿇기,정면,다리·발,청발,그라데이션,금색,없음
107099,없음,서기,정면,없음,은발·백발,단색,금색,없음
107100,없음,기타,정면,없음,은발·백발,단색,청색,없음
107101,없음,앉기·무릎꿇기,정면,없음,은발·백발,단색,청색,없음
107102,없음,앉기·무릎꿇기,정면,엉덩이,은발·백발,단색,청색,"동물귀, 꼬리"
107103,없음,눕기,정면,다리·발,은발·백발,단색,청색,동물귀
107110,없음,서기,정면,없음,은발·백발,단색,보라,없음
107111,없음,서기,정면,다리·발,보라,단색,청색,없음
107120,없음,기타,정면,없음,금발,단색,녹색,없음
107121,없음,엎드리기,후면,엉덩이,금발,단색,녹색,없음
107130,고글,서기,정면,없음,분홍,브릿지,보라,없음
107131,없음,서기,정면,없음,분홍,브릿지,보라,없음
107140,없음,서기,정면,없음,은발·백발,단색,청색,없음
107141,없음,앉기·무릎꿇기,정면,다리·발,은발·백발,단색,청색,동물귀
107142,없음,앉기·무릎꿇기,정면,없음,은발·백발,그라데이션,청색,없음
107160,없음,서기,정면,없음,분홍,단색,보라,없음
107161,없음,엎드리기,후면,엉덩이,분홍,단색,분홍,없음
107170,없음,서기,정면,없음,금발,단색,적색,없음
107171,없음,앉기·무릎꿇기,정면,없음,금발,단색,금색,없음
107220,없음,서기,정면,없음,갈색,단색,적색,없음
107221,없음,서기,정면,없음,갈색,단색,적색,없음
107222,없음,서기,정면,없음,흑발,단색,적색,없음
107223,없음,앉기·무릎꿇기,정면,다리·발,흑발,단색,적색,없음
107224,없음,서기,정면,없음,흑발,단색,적색,없음
107225,없음,앉기·무릎꿇기,정면,다리·발,흑발,단색,적색,없음
107229,없음,서기,정면,없음,갈색,단색,적색,없음
107230,없음,서기,정면,없음,분홍,단색,분홍,없음
107231,없음,앉기·무릎꿇기,정면,없음,분홍,단색,적색,없음
107232,없음,서기,정면,없음,분홍,그라데이션,적색,없음
107233,없음,앉기·무릎꿇기,정면,없음,분홍,단색,적색,없음
107250,없음,서기,정면,없음,적발,단색,금색,동물귀
107251,없음,서기,정면,가슴,갈색,단색,금색,"뿔, 동물귀"
107270,안경,서기,후면,엉덩이,은발·백발,단색,갈색,없음
107271,안경,서기,정면,없음,녹발,단색,금색,없음
107290,없음,서기,정면,없음,금발,단색,청색,없음
107291,없음,서기,정면,없음,금발,단색,청색,"동물귀, 꼬리"
107300,없음,서기,정면,없음,은발·백발,단색,보라,없음
107301,없음,서기,후면,엉덩이,은발·백발,단색,보라,"동물귀, 꼬리"
107380,안경,서기,정면,없음,은발·백발,단색,갈색,없음
107381,안경,서기,정면,없음,은발·백발,그라데이션,금색,없음
107382,안경,서기,정면,없음,은발·백발,단색,보라,없음
107990,없음,기타,정면,없음,은발·백발,단색,보라,없음
108010,없음,기타,정면,없음,분홍,단색,청색,없음
108020,고글,기타,후면,엉덩이,금발,단색,청색,없음
108021,없음,서기,후면,없음,금발,단색,녹색,없음
108022,없음,앉기·무릎꿇기,정면,없음,금발,단색,청색,동물귀
108030,고글,서기,정면,없음,금발,단색,금색,없음
108031,없음,앉기·무릎꿇기,정면,없음,금발,단색,금색,없음
108032,없음,서기,정면,없음,금발,단색,금색,없음
108040,없음,기타,정면,엉덩이,보라,단색,청색,없음
108041,없음,서기,정면,다리·발,보라,그라데이션,청색,없음
108050,없음,서기,후면,없음,금발,단색,청색,없음
108060,없음,엎드리기,정면,없음,은발·백발,단색,보라,없음
108061,없음,앉기·무릎꿇기,정면,없음,은발·백발,단색,보라,없음
108062,없음,앉기·무릎꿇기,정면,없음,은발·백발,단색,보라,꼬리
108070,없음,서기,후면,없음,청발,단색,금색,없음
108071,없음,앉기·무릎꿇기,정면,다리·발,청발,그라데이션,금색,없음
108072,없음,기타,정면,없음,청발,단색,금색,없음
108080,고글,앉기·무릎꿇기,정면,없음,보라,단색,보라,없음
108081,없음,서기,후면,없음,보라,단색,보라,없음
108090,없음,앉기·무릎꿇기,정면,없음,은발·백발,단색,청색,없음
108091,없음,기타,후면,없음,은발·백발,단색,은색·회색,없음
112010,없음,서기,정면,없음,은발·백발,단색,청색,없음
112011,없음,서기,정면,없음,은발·백발,단색,청색,없음
118020,없음,서기,후면,없음,금발,단색,청색,없음
118021,없음,서기,후면,없음,금발,단색,청색,없음
118022,없음,엎드리기,정면,엉덩이,금발,단색,청색,없음
131170,없음,기타,정면,없음,은발·백발,단색,적색,없음
131171,없음,엎드리기,후면,없음,은발·백발,단색,금색,없음
131172,없음,엎드리기,정면,없음,은발·백발,단색,적색,없음
137030,없음,앉기·무릎꿇기,정면,없음,분홍,단색,보라,없음
137031,없음,앉기·무릎꿇기,정면,없음,분홍,단색,보라,없음
137060,고글,서기,후면,없음,은발·백발,단색,보라,없음
137061,없음,눕기,정면,없음,은발·백발,단색,보라,없음
199010,없음,서기,정면,없음,은발·백발,단색,은색·회색,없음
199011,없음,앉기·무릎꿇기,후면,없음,은발·백발,단색,갈색,없음
199012,없음,서기,정면,없음,은발·백발,단색,은색·회색,없음
199013,없음,서기,정면,없음,은발·백발,그라데이션,보라,없음
199020,없음,서기,정면,없음,흑발,단색,청색,없음
199021,선글라스,서기,정면,없음,갈색,단색,금색,없음
199022,없음,서기,정면,없음,흑발,단색,오드아이,없음
199023,없음,서기,정면,없음,갈색,단색,청색,없음
199030,없음,기타,정면,다리·발,금발,단색,보라,없음
199031,없음,엎드리기,정면,다리·발,금발,단색,분홍,없음
199032,없음,엎드리기,후면,엉덩이,금발,단색,분홍,없음
199033,없음,앉기·무릎꿇기,정면,엉덩이,금발,단색,분홍,없음
199038,없음,서기,후면,없음,금발,단색,,없음
199040,없음,서기,정면,없음,은발·백발,단색,보라,없음
199041,없음,서기,후면,엉덩이,은발·백발,단색,보라,없음
199042,없음,서기,후면,없음,은발·백발,단색,보라,없음
199050,없음,서기,정면,없음,은발·백발,단색,적색,없음
199051,없음,앉기·무릎꿇기,후면,엉덩이,은발·백발,단색,적색,동물귀
199060,없음,서기,정면,없음,흑발,단색,분홍,없음
199061,없음,엎드리기,정면,가슴,보라,그라데이션,분홍,동물귀
201010,없음,서기,정면,없음,금발,단색,청색,없음
201011,없음,서기,정면,없음,금발,단색,청색,없음
201019,없음,기타,정면,없음,금발,단색,청색,없음
201020,없음,앉기·무릎꿇기,정면,없음,흑발,그라데이션,청색,없음
201021,없음,앉기·무릎꿇기,정면,없음,흑발,그라데이션,청색,없음
201022,없음,앉기·무릎꿇기,정면,없음,흑발,브릿지,청색,없음
201023,없음,앉기·무릎꿇기,후면,엉덩이,흑발,단색,청색,"동물귀, 꼬리"
201029,없음,앉기·무릎꿇기,정면,없음,흑발,브릿지,청색,없음
201030,없음,서기,정면,없음,금발,그라데이션,청색,없음
201031,없음,서기,정면,없음,금발,단색,청색,없음
201032,없음,앉기·무릎꿇기,정면,없음,금발,단색,청색,동물귀
201039,없음,서기,정면,없음,금발,단색,청색,없음
201060,없음,서기,정면,없음,갈색,단색,청색,없음
201070,없음,서기,정면,없음,은발·백발,단색,적색,없음
201080,없음,서기,정면,없음,녹발,그라데이션,적색,없음
201089,없음,서기,정면,없음,녹발,단색,적색,없음
201090,없음,서기,정면,없음,금발,그라데이션,적색,없음
201099,없음,서기,정면,없음,금발,단색,적색,없음
201100,없음,서기,정면,없음,은발·백발,단색,분홍,없음
201101,없음,서기,정면,없음,은발·백발,단색,보라,없음
201102,없음,앉기·무릎꿇기,정면,없음,은발·백발,단색,분홍,없음
201103,없음,서기,정면,없음,은발·백발,단색,분홍,없음
201104,없음,서기,정면,없음,은발·백발,단색,오드아이,없음
201105,없음,서기,정면,없음,은발·백발,단색,적색,없음
201109,없음,서기,정면,없음,은발·백발,단색,보라,없음
201110,없음,서기,정면,없음,금발,단색,청색,없음
201119,없음,서기,정면,없음,금발,단색,청색,없음
201120,없음,서기,정면,없음,은발·백발,단색,보라,없음
201121,없음,앉기·무릎꿇기,후면,없음,은발·백발,단색,보라,없음
201129,없음,서기,정면,없음,은발·백발,단색,보라,없음
201130,없음,서기,정면,없음,은발·백발,그라데이션,적색,없음
201140,없음,서기,정면,없음,회색,그라데이션,녹색,없음
201141,없음,서기,후면,없음,청발,단색,녹색,없음
201149,없음,서기,정면,없음,청발,단색,녹색,없음
201160,없음,서기,정면,없음,금발,단색,청색,없음
201200,없음,서기,정면,없음,금발,단색,적색,없음
201210,없음,기타,정면,다리·발,보라,단색,녹색,없음
201212,없음,서기,정면,없음,보라,단색,녹색,없음
201213,없음,서기,정면,없음,보라,그라데이션,청색,없음
201214,없음,앉기·무릎꿇기,정면,다리·발,보라,단색,녹색,없음
201215,없음,앉기·무릎꿇기,정면,없음,보라,단색,청색,없음
201216,없음,서기,후면,없음,보라,단색,녹색,없음
201217,없음,서기,후면,없음,보라,단색,녹색,없음
201218,없음,앉기·무릎꿇기,정면,없음,보라,단색,녹색,없음
201219,없음,서기,정면,없음,보라,단색,녹색,없음
201220,없음,앉기·무릎꿇기,정면,없음,분홍,그라데이션,보라,없음
201221,없음,서기,후면,없음,분홍,단색,보라,없음
201230,없음,서기,정면,없음,은발·백발,단색,보라,날개
201231,없음,서기,후면,없음,은발·백발,단색,적색,없음
201232,없음,앉기·무릎꿇기,정면,없음,은발·백발,단색,적색,날개
201233,없음,서기,정면,없음,은발·백발,단색,적색,없음
201234,없음,서기,정면,없음,은발·백발,단색,적색,없음
201235,없음,앉기·무릎꿇기,정면,없음,은발·백발,단색,적색,없음
201238,없음,서기,정면,없음,은발·백발,단색,적색,없음
201240,없음,서기,정면,없음,보라,그라데이션,청색,없음
201241,없음,눕기,정면,없음,은발·백발,그라데이션,청색,없음
201250,없음,서기,정면,없음,적발,그라데이션,금색,없음
201260,없음,기타,정면,없음,보라,단색,보라,없음
201261,없음,앉기·무릎꿇기,정면,없음,보라,단색,보라,없음
201270,없음,서기,정면,없음,갈색,단색,금색,없음
201290,없음,서기,정면,없음,분홍,단색,적색,동물귀
201320,안경,기타,정면,없음,흑발,단색,은색·회색,없음
201321,없음,앉기·무릎꿇기,정면,없음,흑발,단색,보라,없음
201330,없음,거꾸로,정면,없음,금발,단색,청색,없음
201331,없음,앉기·무릎꿇기,정면,없음,금발,단색,청색,없음
201332,없음,기타,정면,없음,금발,단색,청색,없음
201333,없음,앉기·무릎꿇기,정면,없음,금발,단색,청색,없음
201340,없음,앉기·무릎꿇기,정면,없음,보라,그라데이션,보라,없음
201341,없음,서기,정면,없음,흑발,그라데이션,보라,없음
201350,없음,서기,정면,없음,청발,단색,녹색,없음
201351,없음,앉기·무릎꿇기,정면,없음,은발·백발,단색,청색,"동물귀, 꼬리, 날개"
201352,없음,서기,후면,없음,청발,단색,녹색,없음
201353,없음,서기,정면,없음,은발·백발,단색,청색,없음
201354,없음,눕기,정면,다리·발,청발,단색,청색,없음
201355,없음,엎드리기,후면,엉덩이,청발,단색,청색,없음
201358,없음,앉기·무릎꿇기,정면,없음,청발,단색,청색,없음
201360,없음,기타,정면,없음,은발·백발,단색,적색,없음
201361,없음,앉기·무릎꿇기,정면,없음,분홍,단색,적색,없음
201370,없음,서기,정면,없음,은발·백발,단색,갈색,없음
201371,없음,서기,정면,없음,은발·백발,단색,갈색,없음
201372,없음,앉기·무릎꿇기,정면,없음,은발·백발,단색,갈색,없음
201380,없음,서기,정면,없음,보라,단색,금색,없음
201381,없음,엎드리기,정면,가슴,청발,브릿지,금색,없음
201390,없음,서기,정면,없음,분홍,단색,청색,없음
201391,없음,서기,후면,없음,적발,단색,청색,없음
202010,없음,서기,정면,없음,금발,단색,청색,없음
202019,없음,서기,정면,없음,금발,그라데이션,청색,없음
202020,없음,서기,정면,없음,금발,그라데이션,보라,없음
202029,없음,서기,정면,없음,금발,단색,보라,없음
202030,없음,서기,정면,없음,은발·백발,단색,분홍,없음
202031,없음,서기,정면,없음,보라,단색,분홍,없음
202032,없음,앉기·무릎꿇기,정면,다리·발,보라,단색,분홍,없음
202039,없음,앉기·무릎꿇기,정면,다리·발,은발·백발,그라데이션,보라,없음
202040,없음,서기,정면,없음,은발·백발,단색,분홍,없음
202041,없음,서기,정면,없음,은발·백발,단색,분홍,날개
202070,없음,앉기·무릎꿇기,정면,없음,금발,단색,녹색,없음
202071,없음,서기,정면,없음,금발,단색,녹색,없음
202072,없음,서기,정면,없음,금발,단색,녹색,없음
202078,없음,서기,정면,없음,금발,단색,녹색,없음
202080,없음,서기,정면,없음,은발·백발,단색,금색,없음
202081,없음,앉기·무릎꿇기,정면,없음,은발·백발,단색,금색,없음
202082,없음,서기,후면,없음,은발·백발,단색,금색,없음
202083,없음,앉기·무릎꿇기,후면,없음,금발,단색,금색,없음
202084,없음,앉기·무릎꿇기,정면,다리·발,은발·백발,단색,금색,없음
202085,없음,앉기·무릎꿇기,정면,없음,금발,단색,금색,날개
202090,없음,서기,정면,없음,은발·백발,단색,녹색,없음
202091,없음,앉기·무릎꿇기,정면,다리·발,은발·백발,단색,녹색,"날개, 꼬리"
202092,없음,앉기·무릎꿇기,정면,없음,은발·백발,단색,녹색,없음
202100,없음,서기,정면,없음,보라,단색,금색,없음
202101,없음,서기,정면,없음,보라,단색,금색,없음
202102,없음,기타,정면,가슴,보라,단색,금색,없음
202110,안경,기타,정면,없음,은발·백발,단색,청색,없음
202111,안경,앉기·무릎꿇기,정면,없음,은발·백발,단색,은색·회색,없음
202112,안경,서기,정면,없음,은발·백발,단색,보라,없음
202120,없음,서기,정면,없음,은발·백발,단색,보라,없음
202121,없음,서기,정면,없음,은발·백발,단색,보라,없음
202122,없음,서기,정면,없음,은발·백발,단색,보라,없음
202123,없음,서기,정면,없음,은발·백발,단색,보라,없음
202124,없음,서기,정면,없음,은발·백발,단색,보라,없음
202125,없음,서기,정면,없음,은발·백발,단색,보라,없음
202126,없음,서기,정면,없음,은발·백발,단색,보라,없음
202127,없음,앉기·무릎꿇기,정면,다리·발,은발·백발,단색,보라,없음
202128,없음,서기,정면,없음,은발·백발,단색,청색,없음
202130,없음,서기,정면,없음,청발,단색,보라,없음
202140,없음,서기,정면,없음,분홍,단색,갈색,없음
202150,없음,앉기·무릎꿇기,정면,다리·발,금발,단색,녹색,없음
202151,없음,서기,후면,없음,금발,단색,녹색,없음
202152,없음,서기,정면,없음,금발,단색,녹색,없음
202153,없음,서기,정면,없음,금발,단색,녹색,없음
202158,없음,서기,정면,없음,금발,단색,녹색,없음
202160,없음,서기,정면,없음,금발,단색,녹색,없음
202161,없음,서기,정면,없음,금발,단색,녹색,없음
202170,없음,서기,정면,없음,적발,단색,금색,없음
202171,고글,기타,정면,없음,적발,단색,금색,없음
202172,없음,앉기·무릎꿇기,정면,없음,적발,단색,금색,없음
202180,없음,서기,정면,없음,은발·백발,단색,보라,없음
202190,없음,서기,정면,없음,갈색,단색,청색,없음
202191,없음,서기,정면,없음,갈색,단색,청색,없음
202199,없음,서기,정면,없음,갈색,단색,청색,없음
202200,없음,기타,정면,없음,은발·백발,단색,적색,없음
202201,없음,앉기·무릎꿇기,정면,없음,은발·백발,단색,적색,없음
202202,선글라스,앉기·무릎꿇기,정면,없음,은발·백발,단색,적색,없음
202203,없음,앉기·무릎꿇기,정면,없음,은발·백발,단색,분홍,없음
202204,없음,기타,정면,다리·발,은발·백발,단색,적색,없음
202208,없음,서기,후면,다리·발,은발·백발,단색,적색,없음
202210,없음,서기,정면,없음,갈색,단색,청색,없음
202211,없음,앉기·무릎꿇기,정면,다리·발,흑발,단색,청색,없음
202219,없음,서기,정면,없음,흑발,단색,청색,없음
202220,없음,서기,정면,없음,보라,단색,은색·회색,없음
202221,없음,앉기·무릎꿇기,정면,다리·발,보라,단색,청색,없음
202229,없음,기타,정면,없음,보라,단색,청색,없음
202230,없음,서기,정면,없음,금발,단색,분홍,없음
202231,안경,서기,정면,없음,갈색,단색,적색,없음
202232,없음,앉기·무릎꿇기,정면,없음,갈색,단색,적색,없음
202233,없음,앉기·무릎꿇기,정면,없음,금발,단색,적색,없음
202240,없음,서기,정면,없음,분홍,단색,적색,없음
202241,없음,서기,정면,없음,분홍,단색,분홍,없음
202242,없음,앉기·무릎꿇기,정면,다리·발,분홍,단색,분홍,없음
202243,없음,서기,정면,없음,적발,단색,분홍,없음
202244,없음,앉기·무릎꿇기,정면,없음,적발,단색,적색,"동물귀, 꼬리"
202248,없음,앉기·무릎꿇기,정면,없음,분홍,단색,분홍,없음
202250,없음,서기,정면,없음,은발·백발,단색,금색,없음
202260,없음,서기,정면,없음,갈색,단색,청색,없음
202261,없음,서기,정면,없음,흑발,단색,청색,없음
202270,없음,서기,정면,없음,은발·백발,단색,금색,없음
202271,없음,서기,정면,없음,은발·백발,단색,녹색,없음
202272,없음,서기,정면,없음,은발·백발,단색,금색,없음
202273,없음,앉기·무릎꿇기,정면,없음,은발·백발,단색,금색,없음
202274,없음,서기,정면,없음,은발·백발,단색,금색,없음
202275,없음,서기,후면,없음,은발·백발,단색,금색,없음
202278,없음,앉기·무릎꿇기,정면,없음,은발·백발,단색,금색,없음
202280,없음,서기,정면,없음,은발·백발,단색,분홍,없음
202290,없음,서기,정면,없음,보라,단색,보라,없음
202291,없음,앉기·무릎꿇기,정면,없음,보라,단색,보라,없음
202292,없음,서기,정면,없음,보라,단색,보라,없음
202300,없음,서기,정면,가슴,회색,단색,갈색,없음
202301,없음,앉기·무릎꿇기,정면,없음,흑발,단색,은색·회색,없음
202302,없음,앉기·무릎꿇기,정면,다리·발,흑발,단색,갈색,없음
202303,없음,서기,정면,가슴,은발·백발,단색,갈색,없음
202310,안경,서기,정면,없음,은발·백발,단색,보라,없음
202311,없음,서기,정면,없음,은발·백발,단색,보라,없음
202320,안경,서기,정면,없음,은발·백발,단색,금색,없음
202330,없음,서기,정면,없음,은발·백발,단색,적색,없음
202331,없음,앉기·무릎꿇기,정면,없음,은발·백발,단색,적색,없음
202332,없음,서기,정면,없음,은발·백발,단색,적색,없음
202333,없음,서기,정면,없음,은발·백발,단색,적색,없음
202340,없음,서기,정면,없음,보라,그라데이션,보라,없음
202341,없음,서기,후면,엉덩이,보라,단색,보라,없음
202350,없음,서기,정면,없음,흑발,브릿지,보라,없음
202351,없음,앉기·무릎꿇기,정면,없음,흑발,브릿지,보라,동물귀
202360,없음,서기,정면,없음,흑발,단색,적색,없음
202361,없음,서기,정면,없음,흑발,단색,적색,없음
203010,안경,서기,정면,없음,갈색,그라데이션,적색,없음
203011,안경,앉기·무릎꿇기,정면,없음,흑발,단색,적색,없음
203018,안경,앉기·무릎꿇기,정면,없음,갈색,단색,적색,없음
203019,안경,서기,정면,없음,갈색,단색,적색,없음
203020,없음,서기,정면,없음,녹발,단색,금색,없음
203029,없음,서기,정면,없음,녹발,단색,금색,없음
203030,없음,서기,정면,없음,은발·백발,단색,적색,없음
203040,없음,서기,정면,없음,분홍,단색,보라,동물귀
203049,없음,서기,정면,없음,분홍,단색,청색,동물귀
203050,없음,앉기·무릎꿇기,정면,다리·발,금발,단색,보라,없음
203060,없음,서기,정면,없음,금발,단색,보라,없음
203070,없음,서기,정면,없음,갈색,단색,녹색,없음
203071,없음,서기,후면,없음,갈색,단색,녹색,없음
203072,없음,앉기·무릎꿇기,정면,가슴,갈색,단색,녹색,없음
203078,없음,서기,정면,없음,갈색,단색,녹색,없음
203079,없음,서기,정면,없음,갈색,단색,녹색,없음
203080,없음,서기,정면,없음,갈색,단색,녹색,없음
203081,없음,서기,정면,없음,갈색,단색,녹색,없음
203089,없음,서기,정면,없음,갈색,단색,녹색,없음
203090,없음,서기,정면,없음,금발,단색,청색,없음
203091,없음,서기,정면,없음,금발,단색,청색,없음
203092,없음,앉기·무릎꿇기,정면,다리·발,금발,단색,청색,없음
203100,없음,서기,정면,없음,흑발,브릿지,은색·회색,동물귀
203130,없음,서기,정면,없음,보라,단색,금색,날개
203131,없음,앉기·무릎꿇기,정면,없음,보라,단색,금색,"뿔, 날개"
204010,없음,서기,정면,없음,금발,단색,청색,없음
204011,없음,앉기·무릎꿇기,정면,다리·발,금발,단색,청색,없음
204020,없음,서기,정면,없음,갈색,단색,청색,없음
204021,없음,앉기·무릎꿇기,정면,없음,갈색,단색,청색,없음
204030,없음,서기,정면,없음,금발,단색,은색·회색,없음
204031,선글라스,앉기·무릎꿇기,정면,없음,금발,단색,청색,없음
204032,없음,앉기·무릎꿇기,정면,없음,금발,단색,청색,없음
204033,없음,서기,정면,없음,금발,단색,청색,없음
204034,없음,기타,후면,없음,금발,단색,청색,없음
204035,없음,서기,정면,없음,금발,단색,청색,없음
204038,없음,서기,정면,없음,금발,단색,청색,없음
204040,없음,서기,후면,없음,금발,단색,청색,없음
205010,없음,서기,정면,없음,금발,단색,은색·회색,없음
205011,없음,서기,정면,없음,금발,단색,청색,없음
205012,없음,서기,정면,없음,금발,단색,청색,없음
205013,없음,서기,정면,없음,금발,단색,청색,없음
205014,없음,앉기·무릎꿇기,정면,없음,금발,단색,청색,없음
205015,없음,앉기·무릎꿇기,정면,없음,금발,단색,청색,없음
205016,없음,눕기,정면,없음,금발,단색,청색,없음
205020,없음,서기,정면,없음,금발,단색,보라,없음
205021,없음,서기,정면,없음,금발,단색,보라,없음
205022,없음,앉기·무릎꿇기,정면,없음,금발,단색,보라,동물귀
205023,없음,서기,정면,없음,금발,단색,보라,없음
205029,없음,서기,정면,없음,금발,단색,보라,없음
205030,없음,서기,정면,없음,금발,단색,적색,없음
205031,없음,앉기·무릎꿇기,정면,없음,금발,단색,적색,없음
205032,없음,서기,후면,없음,금발,단색,적색,없음
205039,없음,서기,정면,없음,금발,단색,적색,없음
205040,없음,서기,정면,없음,은발·백발,단색,보라,없음
205041,없음,앉기·무릎꿇기,정면,다리·발,보라,그라데이션,보라,없음
205043,없음,앉기·무릎꿇기,정면,없음,은발·백발,그라데이션,보라,없음
205048,없음,서기,정면,없음,보라,단색,청색,없음
205050,없음,서기,정면,없음,금발,단색,적색,없음
205051,없음,서기,정면,없음,금발,단색,적색,없음
205060,없음,서기,정면,없음,금발,단색,적색,없음
205061,없음,서기,후면,엉덩이,금발,단색,적색,없음
205062,없음,서기,정면,없음,금발,단색,갈색,없음
205064,없음,앉기·무릎꿇기,정면,없음,금발,단색,적색,없음
205065,없음,서기,후면,다리·발,금발,단색,적색,없음
205070,없음,서기,정면,없음,분홍,단색,청색,없음
205072,없음,앉기·무릎꿇기,정면,없음,적발,단색,적색,없음
205073,없음,앉기·무릎꿇기,정면,없음,분홍,단색,청색,없음
205074,안경,앉기·무릎꿇기,정면,다리·발,분홍,단색,청색,없음
205090,없음,서기,정면,없음,금발,단색,청색,없음
205091,없음,서기,정면,없음,금발,단색,청색,없음
205092,없음,앉기·무릎꿇기,정면,없음,금발,그라데이션,녹색,없음
205093,없음,앉기·무릎꿇기,정면,다리·발,금발,브릿지,청색,꼬리
205100,없음,서기,정면,없음,은발·백발,단색,적색,없음
205101,없음,서기,정면,없음,은발·백발,단색,적색,없음
205102,없음,서기,정면,없음,은발·백발,단색,적색,없음
205110,없음,서기,정면,없음,은발·백발,단색,금색,없음
205111,없음,앉기·무릎꿇기,정면,없음,은발·백발,단색,금색,없음
205130,없음,서기,정면,없음,금발,단색,청색,없음
205131,없음,앉기·무릎꿇기,정면,다리·발,금발,단색,청색,없음
205140,없음,서기,정면,없음,금발,단색,보라,없음
205141,없음,엎드리기,정면,없음,금발,단색,보라,없음
205160,없음,앉기·무릎꿇기,정면,없음,금발,단색,금색,없음
205161,선글라스,눕기,정면,가슴,금발,단색,금색,없음
206010,없음,기타,정면,없음,은발·백발,단색,보라,없음
206019,없음,기타,정면,없음,은발·백발,단색,분홍,없음
206020,없음,서기,정면,없음,은발·백발,단색,은색·회색,없음
206021,없음,엎드리기,정면,없음,은발·백발,단색,청색,없음
206022,없음,서기,정면,가슴,은발·백발,단색,청색,없음
206023,없음,엎드리기,후면,엉덩이,은발·백발,단색,보라,없음
206030,없음,앉기·무릎꿇기,후면,없음,보라,단색,보라,없음
206031,없음,서기,정면,없음,보라,그라데이션,보라,없음
206032,없음,서기,정면,없음,보라,단색,보라,없음
206033,없음,서기,정면,없음,보라,단색,보라,없음
206034,없음,서기,정면,없음,보라,단색,보라,없음
206035,없음,서기,정면,없음,보라,단색,보라,없음
206036,없음,앉기·무릎꿇기,정면,없음,보라,그라데이션,보라,없음
206037,없음,서기,정면,없음,보라,단색,보라,없음
206038,없음,서기,정면,없음,보라,단색,보라,없음
206039,없음,서기,정면,없음,보라,단색,보라,없음
206040,없음,기타,정면,없음,금발,단색,청색,없음
206041,없음,서기,정면,없음,금발,단색,녹색,없음
206042,없음,서기,정면,없음,금발,단색,청색,없음
206050,없음,앉기·무릎꿇기,정면,없음,금발,단색,청색,없음
206051,없음,앉기·무릎꿇기,후면,엉덩이,금발,단색,청색,없음
206052,선글라스,서기,정면,없음,금발,단색,청색,없음
206060,없음,서기,정면,없음,분홍,단색,분홍,없음
206061,없음,앉기·무릎꿇기,정면,없음,분홍,단색,분홍,없음
206062,없음,엎드리기,정면,없음,분홍,단색,분홍,없음
206070,없음,앉기·무릎꿇기,정면,없음,은발·백발,그라데이션,은색·회색,날개
206071,없음,앉기·무릎꿇기,정면,없음,은발·백발,단색,청색,"뿔, 날개"
206072,없음,앉기·무릎꿇기,후면,없음,은발·백발,단색,청색,없음
206073,없음,서기,정면,엉덩이,은발·백발,단색,청색,없음
206080,없음,서기,정면,없음,분홍,단색,청색,날개
206081,없음,서기,정면,없음,분홍,단색,청색,날개
207010,없음,서기,정면,없음,은발·백발,단색,금색,없음
207011,없음,앉기·무릎꿇기,정면,없음,회색,단색,금색,없음
207020,없음,서기,정면,없음,흑발,단색,청색,없음
207021,안경,앉기·무릎꿇기,정면,없음,흑발,단색,청색,없음
207022,없음,서기,정면,없음,흑발,단색,청색,없음
207023,없음,서기,정면,없음,흑발,단색,청색,없음
207024,없음,서기,정면,없음,흑발,단색,청색,없음
207025,고글,서기,후면,없음,흑발,단색,청색,없음
207028,없음,서기,정면,없음,흑발,단색,청색,없음
207029,없음,서기,정면,없음,흑발,단색,청색,없음
207030,없음,서기,후면,없음,은발·백발,단색,보라,없음
207031,없음,앉기·무릎꿇기,정면,없음,은발·백발,단색,청색,없음
207032,없음,서기,정면,없음,은발·백발,단색,청색,없음
207033,없음,서기,정면,없음,은발·백발,단색,청색,없음
207035,없음,서기,정면,없음,은발·백발,단색,보라,없음
207036,없음,서기,정면,없음,은발·백발,단색,청색,없음
207037,없음,앉기·무릎꿇기,후면,없음,은발·백발,단색,청색,없음
207038,없음,서기,정면,없음,은발·백발,단색,청색,없음
207040,없음,앉기·무릎꿇기,정면,없음,금발,단색,청색,없음
207041,없음,서기,정면,없음,금발,단색,청색,없음
207042,없음,앉기·무릎꿇기,정면,없음,금발,단색,청색,없음
207043,없음,앉기·무릎꿇기,정면,없음,금발,단색,청색,없음
207050,없음,서기,정면,없음,은발·백발,단색,적색,없음
207051,없음,앉기·무릎꿇기,정면,다리·발,은발·백발,단색,적색,없음
207052,없음,서기,정면,없음,은발·백발,단색,갈색,없음
207053,없음,서기,후면,없음,은발·백발,단색,적색,없음
207054,없음,앉기·무릎꿇기,정면,없음,은발·백발,단색,적색,없음
207055,없음,앉기·무릎꿇기,정면,없음,금발,단색,갈색,없음
207060,없음,서기,정면,없음,금발,단색,청색,없음
207061,없음,앉기·무릎꿇기,정면,없음,금발,단색,청색,없음
207062,없음,앉기·무릎꿇기,후면,없음,금발,단색,보라,없음
207070,없음,서기,정면,없음,금발,단색,적색,날개
207071,안경,앉기·무릎꿇기,정면,다리·발,금발,단색,적색,없음
207072,없음,앉기·무릎꿇기,정면,없음,금발,단색,적색,없음
207090,없음,서기,정면,없음,은발·백발,단색,청색,없음
207110,없음,서기,정면,없음,은발·백발,단색,청색,없음
207120,없음,앉기·무릎꿇기,정면,없음,흑발,단색,녹색,없음
207121,없음,앉기·무릎꿇기,정면,다리·발,흑발,단색,녹색,없음
207130,없음,서기,정면,없음,은발·백발,단색,분홍,없음
207140,없음,서기,정면,없음,은발·백발,단색,적색,없음
213010,없음,서기,정면,없음,은발·백발,단색,적색,동물귀
213011,없음,서기,정면,없음,은발·백발,단색,분홍,없음
213012,없음,기타,정면,다리·발,은발·백발,단색,적색,없음
213020,없음,앉기·무릎꿇기,정면,없음,은발·백발,단색,적색,없음
213021,없음,앉기·무릎꿇기,정면,없음,은발·백발,단색,적색,없음
213040,없음,서기,정면,없음,금발,단색,청색,없음
213041,없음,서기,정면,없음,금발,단색,청색,없음
213042,없음,서기,정면,없음,금발,단색,청색,동물귀
213043,없음,서기,후면,엉덩이,금발,단색,청색,없음
231210,없음,앉기·무릎꿇기,정면,없음,보라,단색,녹색,없음
236030,없음,기타,정면,없음,보라,단색,보라,없음
236031,없음,서기,정면,없음,보라,단색,보라,없음
236032,없음,기타,정면,없음,보라,단색,보라,없음
237030,없음,앉기·무릎꿇기,정면,없음,은발·백발,단색,청색,없음
299010,없음,서기,정면,없음,청발,단색,적색,없음
299011,없음,서기,정면,없음,청발,단색,금색,없음
299012,없음,서기,정면,없음,청발,단색,금색,없음
299013,없음,기타,정면,가슴,청발,단색,금색,동물귀
299020,없음,서기,정면,없음,적발,단색,보라,없음
299021,없음,앉기·무릎꿇기,정면,없음,적발,단색,보라,없음
299022,없음,서기,정면,없음,적발,단색,보라,없음
299023,없음,서기,정면,다리·발,적발,단색,보라,없음
299024,없음,엎드리기,정면,가슴,적발,단색,분홍,없음
299030,없음,서기,정면,없음,흑발,브릿지,청색,"동물귀, 꼬리"
299031,선글라스,앉기·무릎꿇기,정면,다리·발,흑발,브릿지,청색,"동물귀, 꼬리"
299032,없음,서기,정면,없음,흑발,브릿지,청색,없음
299033,없음,앉기·무릎꿇기,정면,없음,흑발,브릿지,청색,없음
299034,없음,엎드리기,정면,없음,흑발,브릿지,청색,"동물귀, 꼬리"
299038,없음,서기,정면,없음,흑발,브릿지,청색,동물귀
299040,없음,서기,정면,없음,은발·백발,단색,금색,없음
299041,없음,앉기·무릎꿇기,후면,엉덩이,은발·백발,단색,금색,없음
299050,없음,서기,정면,없음,은발·백발,단색,보라,날개
299051,없음,눕기,정면,없음,은발·백발,브릿지,보라,없음
299060,없음,서기,정면,없음,은발·백발,단색,은색·회색,없음
301010,없음,기타,후면,없음,청발,단색,금색,"동물귀, 꼬리"
301011,없음,서기,정면,없음,청발,단색,금색,동물귀
301013,없음,서기,정면,없음,청발,그라데이션,금색,없음
301014,없음,서기,정면,없음,청발,단색,금색,"동물귀, 꼬리"
301015,없음,서기,후면,없음,청발,단색,금색,없음
301016,없음,눕기,정면,다리·발,은발·백발,단색,금색,동물귀
301020,없음,서기,정면,없음,은발·백발,단색,적색,없음
301021,없음,앉기·무릎꿇기,정면,없음,은발·백발,단색,적색,동물귀
301040,없음,서기,정면,없음,은발·백발,단색,금색,"동물귀, 꼬리"
301041,없음,서기,정면,없음,은발·백발,단색,금색,꼬리
301042,없음,앉기·무릎꿇기,후면,없음,은발·백발,단색,금색,"동물귀, 꼬리"
301043,없음,엎드리기,정면,엉덩이,은발·백발,단색,금색,"동물귀, 꼬리"
301050,없음,서기,정면,없음,은발·백발,단색,적색,없음
301051,안대,기타,정면,없음,은발·백발,단색,적색,없음
301053,없음,서기,정면,없음,금발,단색,적색,없음
301054,없음,서기,정면,없음,은발·백발,단색,금색,없음
301055,없음,서기,정면,없음,은발·백발,단색,금색,없음
301056,없음,앉기·무릎꿇기,정면,없음,은발·백발,단색,금색,뿔
301057,없음,서기,정면,없음,금발,단색,금색,없음
301058,없음,서기,정면,없음,은발·백발,단색,금색,없음
301059,없음,서기,정면,없음,은발·백발,단색,금색,없음
301090,안대,서기,정면,없음,흑발,단색,적색,없음
301091,안대,서기,정면,없음,흑발,단색,적색,없음
301092,없음,앉기·무릎꿇기,정면,없음,흑발,단색,적색,없음
301093,없음,기타,정면,없음,흑발,단색,금색,없음
301094,없음,앉기·무릎꿇기,정면,없음,흑발,단색,적색,없음
301100,없음,서기,정면,없음,은발·백발,단색,적색,없음
301101,없음,앉기·무릎꿇기,정면,다리·발,은발·백발,단색,적색,"뿔, 꼬리"
301110,없음,서기,정면,없음,분홍,단색,적색,없음
301111,없음,앉기·무릎꿇기,정면,없음,분홍,단색,갈색,없음
301112,없음,기타,정면,없음,분홍,단색,적색,동물귀
301113,없음,앉기·무릎꿇기,정면,없음,분홍,단색,적색,날개
301114,없음,앉기·무릎꿇기,정면,없음,분홍,단색,금색,뿔
301120,없음,서기,후면,엉덩이,청발,단색,청색,없음
301121,없음,앉기·무릎꿇기,정면,없음,청발,단색,청색,뿔
301122,없음,서기,정면,없음,청발,단색,청색,없음
301123,없음,앉기·무릎꿇기,정면,없음,청발,단색,청색,날개
301124,없음,앉기·무릎꿇기,정면,없음,은발·백발,단색,청색,뿔
301130,없음,서기,정면,없음,갈색,그라데이션,녹색,"동물귀, 꼬리"
301131,없음,서기,정면,없음,갈색,그라데이션,녹색,"동물귀, 꼬리"
301132,없음,앉기·무릎꿇기,정면,없음,분홍,단색,녹색,동물귀
301139,없음,서기,정면,없음,갈색,단색,녹색,동물귀
301140,없음,기타,정면,없음,은발·백발,단색,적색,"동물귀, 꼬리"
301141,없음,서기,정면,없음,은발·백발,단색,적색,동물귀
301143,없음,서기,후면,없음,은발·백발,단색,적색,동물귀
301144,없음,기타,정면,없음,은발·백발,단색,적색,"동물귀, 꼬리"
301148,없음,서기,정면,없음,은발·백발,단색,적색,"동물귀, 꼬리"
301149,없음,서기,정면,없음,은발·백발,단색,적색,"동물귀, 꼬리"
301150,없음,서기,정면,없음,흑발,그라데이션,적색,"동물귀, 꼬리"
301151,없음,앉기·무릎꿇기,후면,엉덩이,흑발,단색,적색,"동물귀, 꼬리"
301152,없음,서기,후면,없음,흑발,단색,적색,동물귀
301153,없음,앉기·무릎꿇기,정면,다리·발,흑발,단색,적색,동물귀
301159,없음,기타,정면,없음,흑발,단색,적색,동물귀
301160,없음,서기,정면,없음,은발·백발,단색,적색,동물귀
301161,없음,앉기·무릎꿇기,정면,없음,은발·백발,단색,적색,"동물귀, 꼬리"
301162,없음,서기,정면,없음,은발·백발,단색,적색,동물귀
301168,없음,서기,정면,없음,은발·백발,단색,적색,"동물귀, 꼬리"
301170,없음,서기,정면,없음,갈색,단색,보라,없음
301171,안대,서기,정면,없음,갈색,단색,보라,없음
301179,없음,서기,정면,없음,갈색,단색,보라,없음
301180,없음,앉기·무릎꿇기,정면,없음,흑발,단색,적색,없음
301181,없음,앉기·무릎꿇기,후면,없음,흑발,단색,적색,없음
301189,없음,앉기·무릎꿇기,정면,없음,흑발,단색,적색,없음
301200,없음,서기,정면,없음,흑발,단색,금색,없음
301210,없음,서기,정면,없음,흑발,그라데이션,보라,"동물귀, 꼬리"
301211,없음,앉기·무릎꿇기,정면,없음,흑발,그라데이션,청색,동물귀
301212,없음,서기,정면,없음,흑발,단색,청색,"동물귀, 꼬리"
301213,없음,앉기·무릎꿇기,정면,다리·발,흑발,단색,청색,"동물귀, 꼬리"
301219,없음,서기,정면,없음,흑발,단색,청색,동물귀
301230,없음,기타,정면,없음,흑발,그라데이션,갈색,"동물귀, 꼬리"
301231,없음,기타,정면,없음,흑발,단색,갈색,"동물귀, 꼬리"
301232,없음,앉기·무릎꿇기,정면,없음,갈색,단색,갈색,"동물귀, 꼬리"
301240,없음,앉기·무릎꿇기,정면,없음,분홍,단색,적색,"동물귀, 꼬리"
301242,없음,앉기·무릎꿇기,정면,없음,분홍,단색,적색,"동물귀, 꼬리"
301249,없음,앉기·무릎꿇기,정면,엉덩이,분홍,단색,적색,"동물귀, 꼬리"
301250,없음,서기,정면,없음,금발,단색,보라,"동물귀, 꼬리"
301251,없음,서기,정면,없음,금발,단색,보라,없음
301259,없음,앉기·무릎꿇기,정면,다리·발,금발,단색,보라,"동물귀, 꼬리"
301260,없음,서기,정면,없음,흑발,단색,금색,"동물귀, 꼬리"
301261,없음,서기,정면,없음,흑발,단색,금색,"동물귀, 꼬리"
301262,없음,서기,후면,엉덩이,흑발,브릿지,금색,"동물귀, 꼬리"
301263,없음,서기,정면,없음,흑발,단색,금색,동물귀
301264,없음,앉기·무릎꿇기,정면,없음,흑발,단색,금색,"동물귀, 꼬리"
301265,없음,앉기·무릎꿇기,정면,없음,흑발,단색,갈색,동물귀
301269,없음,앉기·무릎꿇기,정면,없음,흑발,단색,금색,동물귀
301270,없음,서기,정면,없음,흑발,단색,적색,없음
301280,없음,서기,정면,없음,갈색,단색,녹색,없음
301290,없음,서기,정면,없음,은발·백발,단색,금색,없음
301291,없음,앉기·무릎꿇기,정면,다리·발,은발·백발,단색,금색,동물귀
301292,없음,서기,정면,없음,은발·백발,단색,금색,동물귀
301293,없음,앉기·무릎꿇기,정면,없음,은발·백발,단색,금색,동물귀
301294,없음,기타,후면,다리·발,은발·백발,단색,금색,"동물귀, 꼬리"
301295,없음,엎드리기,정면,엉덩이,은발·백발,단색,금색,동물귀
301300,없음,서기,정면,없음,은발·백발,브릿지,적색,"동물귀, 꼬리"
301309,없음,서기,정면,없음,은발·백발,브릿지,금색,"동물귀, 꼬리"
301310,없음,서기,정면,없음,흑발,브릿지,금색,"동물귀, 꼬리"
301319,없음,서기,정면,없음,흑발,단색,금색,"동물귀, 꼬리"
301320,없음,서기,정면,없음,갈색,단색,녹색,"동물귀, 꼬리"
301321,없음,앉기·무릎꿇기,정면,없음,갈색,단색,녹색,동물귀
301322,없음,앉기·무릎꿇기,정면,다리·발,흑발,단색,녹색,동물귀
301323,없음,앉기·무릎꿇기,정면,없음,흑발,단색,녹색,"동물귀, 꼬리"
301324,없음,서기,후면,없음,흑발,단색,녹색,"동물귀, 꼬리"
301329,없음,기타,정면,없음,갈색,단색,녹색,"동물귀, 꼬리"
301330,없음,서기,정면,없음,분홍,단색,보라,동물귀
301331,없음,서기,정면,없음,은발·백발,그라데이션,보라,"동물귀, 꼬리"
301339,없음,서기,정면,없음,은발·백발,그라데이션,보라,동물귀
301350,없음,기타,정면,없음,분홍,단색,분홍,없음
301351,없음,앉기·무릎꿇기,정면,없음,분홍,단색,분홍,없음
301370,없음,기타,정면,없음,청발,단색,금색,동물귀
301380,없음,기타,후면,없음,갈색,단색,보라,"동물귀, 꼬리"
301381,없음,서기,정면,없음,갈색,단색,보라,꼬리
301390,없음,서기,정면,없음,갈색,단색,보라,"동물귀, 꼬리"
301391,없음,서기,정면,없음,갈색,그라데이션,보라,"동물귀, 꼬리"
301410,없음,앉기·무릎꿇기,정면,없음,청발,단색,청색,"동물귀, 꼬리"
301411,없음,서기,정면,없음,은발·백발,단색,청색,"동물귀, 꼬리"
301470,없음,서기,정면,없음,은발·백발,단색,은색·회색,없음
301471,없음,앉기·무릎꿇기,정면,없음,은발·백발,단색,청색,동물귀
301472,없음,서기,정면,없음,은발·백발,단색,청색,없음
301480,없음,서기,후면,없음,갈색,그라데이션,보라,동물귀
301481,없음,앉기·무릎꿇기,정면,없음,갈색,그라데이션,보라,없음
301490,없음,서기,정면,없음,은발·백발,단색,청색,동물귀
301491,없음,서기,정면,없음,은발·백발,단색,청색,"동물귀, 꼬리"
301492,없음,서기,정면,다리·발,은발·백발,단색,청색,"동물귀, 꼬리"
301498,없음,서기,정면,없음,은발·백발,단색,청색,"동물귀, 꼬리"
301540,없음,기타,정면,없음,갈색,단색,청색,없음
301541,없음,서기,정면,없음,갈색,단색,청색,없음
301560,없음,앉기·무릎꿇기,정면,없음,금발,단색,청색,"동물귀, 꼬리"
301570,없음,서기,정면,없음,흑발,단색,금색,없음
301571,없음,서기,정면,없음,흑발,단색,금색,없음
301572,없음,앉기·무릎꿇기,정면,없음,갈색,단색,금색,없음
301580,없음,서기,정면,없음,흑발,단색,청색,없음
301581,없음,앉기·무릎꿇기,정면,없음,흑발,브릿지,청색,없음
301582,없음,서기,후면,없음,흑발,브릿지,청색,없음
301590,없음,서기,정면,없음,보라,단색,보라,"동물귀, 꼬리"
301591,없음,서기,정면,없음,보라,단색,보라,"동물귀, 꼬리"
301592,없음,서기,정면,없음,보라,단색,보라,"동물귀, 꼬리"
301600,없음,기타,정면,없음,녹발,단색,녹색,"동물귀, 꼬리"
301601,없음,서기,정면,없음,녹발,단색,녹색,"동물귀, 꼬리"
301602,없음,서기,정면,없음,녹발,단색,녹색,동물귀
301610,없음,앉기·무릎꿇기,정면,없음,분홍,단색,적색,없음
301611,안경,앉기·무릎꿇기,정면,없음,분홍,단색,적색,없음
301612,없음,서기,정면,없음,분홍,단색,적색,뿔
301619,없음,거꾸로,정면,없음,분홍,단색,적색,없음
301620,없음,서기,정면,없음,금발,단색,청색,없음
301621,없음,서기,정면,없음,금발,단색,청색,없음
301622,없음,서기,정면,없음,금발,단색,청색,"동물귀, 꼬리"
301629,없음,서기,정면,없음,금발,단색,청색,뿔
301630,없음,서기,정면,없음,청발,단색,은색·회색,"동물귀, 꼬리"
301631,없음,서기,후면,없음,은발·백발,단색,청색,"동물귀, 꼬리"
301632,없음,앉기·무릎꿇기,정면,없음,은발·백발,단색,청색,"동물귀, 꼬리"
301633,없음,서기,정면,없음,은발·백발,그라데이션,청색,동물귀
301640,없음,서기,정면,없음,흑발,단색,적색,"동물귀, 꼬리"
301641,없음,앉기·무릎꿇기,정면,없음,흑발,단색,적색,"동물귀, 뿔"
301642,없음,서기,정면,없음,흑발,단색,갈색,"동물귀, 꼬리"
301643,없음,앉기·무릎꿇기,정면,없음,흑발,단색,적색,없음
301644,없음,앉기·무릎꿇기,정면,없음,흑발,단색,적색,동물귀
301650,없음,서기,정면,없음,금발,단색,갈색,"동물귀, 꼬리"
301651,없음,서기,정면,없음,금발,단색,금색,"동물귀, 꼬리"
301660,없음,눕기,정면,없음,흑발,기타,보라,"동물귀, 꼬리"
301661,없음,앉기·무릎꿇기,후면,없음,흑발,단색,보라,동물귀
301720,없음,거꾸로,정면,없음,은발·백발,단색,보라,"동물귀, 꼬리"
301721,고글,기타,정면,없음,은발·백발,단색,보라,"동물귀, 꼬리"
301790,안경,기타,정면,다리·발,흑발,단색,금색,"동물귀, 꼬리"
301800,없음,서기,정면,없음,금발,단색,녹색,"동물귀, 꼬리"
301801,없음,서기,정면,없음,금발,단색,녹색,없음
301810,없음,서기,정면,없음,은발·백발,그라데이션,청색,"동물귀, 꼬리"
301811,없음,앉기·무릎꿇기,정면,없음,은발·백발,단색,청색,동물귀
301812,없음,서기,정면,없음,은발·백발,단색,청색,"동물귀, 꼬리"
301819,없음,서기,정면,없음,은발·백발,단색,청색,"동물귀, 꼬리"
301820,없음,서기,정면,없음,분홍,단색,녹색,"동물귀, 꼬리"
301821,없음,눕기,정면,없음,분홍,그라데이션,녹색,"동물귀, 꼬리"
301822,없음,서기,정면,없음,분홍,단색,녹색,"동물귀, 꼬리"
301830,없음,서기,정면,없음,흑발,단색,금색,"동물귀, 꼬리"
301831,없음,앉기·무릎꿇기,후면,엉덩이,흑발,단색,금색,꼬리
301832,없음,눕기,정면,없음,흑발,단색,금색,"동물귀, 꼬리"
301833,없음,앉기·무릎꿇기,정면,없음,흑발,단색,금색,꼬리
301834,없음,앉기·무릎꿇기,정면,없음,흑발,브릿지,금색,"동물귀, 꼬리"
301838,없음,앉기·무릎꿇기,정면,없음,흑발,단색,은색·회색,"동물귀, 꼬리"
301840,없음,서기,정면,없음,은발·백발,단색,금색,동물귀
301841,고글,서기,정면,없음,회색,단색,금색,없음
301842,없음,서기,정면,다리·발,은발·백발,단색,금색,없음
301850,없음,서기,정면,없음,흑발,브릿지,적색,없음
301851,없음,서기,정면,없음,흑발,브릿지,적색,없음
301852,없음,기타,정면,없음,흑발,브릿지,적색,"동물귀, 꼬리"
301860,없음,서기,정면,없음,은발·백발,단색,갈색,없음
301861,없음,앉기·무릎꿇기,정면,없음,은발·백발,단색,갈색,동물귀
301862,없음,서기,정면,없음,은발·백발,단색,갈색,없음
301863,없음,앉기·무릎꿇기,정면,없음,은발·백발,단색,은색·회색,없음
301880,없음,서기,후면,없음,청발,단색,은색·회색,없음
301881,없음,서기,정면,없음,청발,단색,은색·회색,없음
301882,없음,서기,정면,없음,청발,단색,청색,날개
301890,없음,서기,정면,없음,흑발,단색,적색,없음
301891,없음,앉기·무릎꿇기,정면,없음,흑발,브릿지,적색,뿔
301892,없음,서기,정면,없음,흑발,단색,적색,뿔
301898,없음,서기,정면,없음,흑발,단색,적색,없음
301900,없음,서기,후면,없음,은발·백발,단색,금색,"동물귀, 꼬리"
301901,없음,엎드리기,후면,엉덩이,은발·백발,단색,금색,"동물귀, 꼬리"
301910,없음,서기,정면,없음,청발,단색,청색,"동물귀, 꼬리"
301911,없음,서기,후면,없음,청발,단색,청색,동물귀
301920,없음,기타,정면,없음,갈색,단색,갈색,없음
301921,없음,기타,정면,다리·발,갈색,단색,갈색,"동물귀, 꼬리"
301940,없음,서기,정면,없음,흑발,브릿지,보라,없음
301941,없음,앉기·무릎꿇기,정면,없음,보라,브릿지,보라,없음
302010,없음,기타,정면,엉덩이,흑발,단색,적색,"동물귀, 꼬리"
302019,없음,기타,정면,없음,흑발,단색,적색,"동물귀, 꼬리"
302040,없음,서기,정면,없음,흑발,단색,갈색,없음
302041,없음,앉기·무릎꿇기,정면,없음,보라,단색,갈색,없음
302050,없음,서기,정면,없음,흑발,단색,적색,뿔
302051,없음,앉기·무릎꿇기,후면,없음,흑발,단색,적색,없음
302052,없음,서기,정면,없음,흑발,단색,갈색,동물귀
302053,없음,엎드리기,정면,엉덩이,흑발,단색,적색,"동물귀, 꼬리"
302054,없음,거꾸로,정면,다리·발,흑발,단색,적색,없음
302059,없음,서기,정면,없음,보라,단색,갈색,없음
302060,없음,서기,정면,없음,갈색,단색,적색,"동물귀, 꼬리"
302061,없음,엎드리기,후면,엉덩이,갈색,단색,갈색,뿔
302062,없음,서기,후면,없음,갈색,단색,갈색,없음
302070,없음,앉기·무릎꿇기,정면,없음,갈색,단색,녹색,뿔
302071,없음,앉기·무릎꿇기,정면,없음,은발·백발,단색,녹색,"뿔, 날개"
302080,없음,서기,정면,없음,은발·백발,단색,금색,없음
302081,없음,기타,정면,없음,은발·백발,단색,금색,없음
302082,없음,앉기·무릎꿇기,정면,없음,은발·백발,단색,금색,"동물귀, 꼬리"
302089,없음,서기,정면,없음,은발·백발,단색,금색,없음
302090,없음,서기,정면,없음,보라,단색,적색,동물귀
302099,없음,기타,정면,없음,흑발,단색,적색,동물귀
302100,없음,앉기·무릎꿇기,정면,없음,갈색,단색,적색,없음
302109,없음,기타,정면,없음,갈색,단색,적색,뿔
302110,없음,서기,정면,없음,은발·백발,단색,적색,뿔
302111,없음,서기,정면,없음,은발·백발,단색,적색,없음
302120,없음,기타,정면,없음,금발,단색,금색,"동물귀, 꼬리"
302129,없음,서기,정면,없음,금발,단색,금색,"동물귀, 꼬리"
302130,없음,서기,정면,없음,청발,단색,청색,"동물귀, 꼬리"
302131,없음,서기,후면,엉덩이,청발,단색,청색,"동물귀, 꼬리"
302132,없음,앉기·무릎꿇기,정면,없음,청발,단색,녹색,"동물귀, 꼬리"
302139,없음,서기,정면,없음,청발,단색,청색,"동물귀, 꼬리"
302140,없음,앉기·무릎꿇기,정면,다리·발,적발,단색,금색,"동물귀, 꼬리"
302141,없음,앉기·무릎꿇기,정면,없음,적발,단색,금색,"동물귀, 꼬리"
302200,없음,서기,정면,없음,흑발,그라데이션,적색,없음
302201,없음,기타,후면,없음,흑발,그라데이션,적색,없음
302202,없음,앉기·무릎꿇기,정면,없음,흑발,그라데이션,적색,없음
302203,없음,서기,후면,없음,흑발,단색,적색,없음
302210,없음,서기,정면,없음,흑발,단색,보라,뿔
302211,없음,서기,정면,없음,흑발,단색,보라,동물귀
302212,없음,앉기·무릎꿇기,정면,없음,흑발,단색,보라,없음
302213,없음,거꾸로,정면,없음,흑발,단색,보라,없음
302214,없음,앉기·무릎꿇기,정면,다리·발,흑발,단색,보라,뿔
302215,없음,서기,정면,없음,흑발,단색,보라,없음
302216,고글,앉기·무릎꿇기,정면,없음,흑발,단색,보라,없음
302217,선글라스,앉기·무릎꿇기,정면,다리·발,흑발,단색,갈색,없음
302218,없음,서기,정면,없음,흑발,단색,보라,없음
302230,없음,서기,정면,없음,흑발,단색,적색,"뿔, 후광"
302231,없음,서기,정면,없음,흑발,단색,적색,뿔
302232,없음,앉기·무릎꿇기,정면,없음,흑발,단색,갈색,없음
302233,없음,서기,정면,없음,흑발,단색,적색,동물귀
302240,없음,서기,후면,없음,흑발,단색,보라,없음
302250,없음,서기,정면,없음,은발·백발,단색,보라,뿔
302251,없음,앉기·무릎꿇기,정면,다리·발,은발·백발,단색,보라,동물귀
302260,없음,서기,후면,없음,흑발,단색,적색,없음
302261,없음,앉기·무릎꿇기,정면,없음,갈색,단색,적색,없음
302270,없음,서기,정면,없음,은발·백발,단색,금색,"동물귀, 꼬리"
302271,없음,눕기,정면,없음,금발,단색,금색,"동물귀, 꼬리"
302280,없음,앉기·무릎꿇기,정면,없음,은발·백발,단색,보라,꼬리
302281,없음,엎드리기,정면,엉덩이,은발·백발,단색,보라,없음
302290,없음,기타,정면,없음,흑발,단색,금색,"꼬리, 뿔"
302291,없음,앉기·무릎꿇기,정면,가슴,흑발,그라데이션,금색,"동물귀, 꼬리"
303010,없음,서기,정면,없음,갈색,단색,청색,없음
303019,없음,앉기·무릎꿇기,정면,없음,갈색,단색,은색·회색,없음
303020,안경,앉기·무릎꿇기,정면,없음,갈색,단색,청색,없음
303029,안경,앉기·무릎꿇기,정면,없음,갈색,단색,청색,동물귀
303030,없음,앉기·무릎꿇기,정면,다리·발,청발,단색,갈색,"동물귀, 꼬리"
303040,없음,서기,정면,없음,적발,단색,보라,"동물귀, 꼬리"
303060,없음,서기,정면,없음,흑발,단색,금색,없음
303061,없음,앉기·무릎꿇기,정면,없음,흑발,단색,갈색,동물귀
303070,없음,서기,정면,없음,흑발,단색,적색,없음
303080,없음,눕기,정면,없음,분홍,단색,보라,없음
303089,없음,서기,정면,없음,금발,단색,보라,동물귀
303090,없음,엎드리기,정면,없음,흑발,단색,보라,없음
303091,없음,앉기·무릎꿇기,정면,없음,보라,단색,보라,없음
303092,없음,앉기·무릎꿇기,정면,가슴,청발,단색,적색,없음
303100,없음,서기,정면,없음,흑발,단색,적색,없음
303101,안경,앉기·무릎꿇기,정면,다리·발,흑발,단색,적색,없음
303102,없음,눕기,정면,다리·발,흑발,단색,적색,없음
303110,없음,서기,정면,다리·발,흑발,단색,갈색,없음
303112,없음,앉기·무릎꿇기,정면,없음,흑발,단색,갈색,없음
303113,없음,앉기·무릎꿇기,정면,없음,흑발,단색,금색,없음
303114,없음,앉기·무릎꿇기,정면,없음,흑발,단색,금색,없음
303115,없음,앉기·무릎꿇기,정면,다리·발,흑발,단색,적색,없음
303116,없음,앉기·무릎꿇기,정면,없음,갈색,단색,금색,없음
303117,없음,서기,정면,없음,흑발,단색,갈색,없음
303118,없음,서기,정면,없음,흑발,단색,갈색,없음
303120,없음,앉기·무릎꿇기,정면,다리·발,흑발,단색,갈색,동물귀
303121,없음,서기,정면,가슴,흑발,단색,금색,동물귀
303122,없음,서기,정면,없음,흑발,단색,금색,동물귀
303123,없음,앉기·무릎꿇기,후면,다리·발,흑발,단색,금색,동물귀
303124,없음,엎드리기,정면,없음,흑발,단색,갈색,동물귀
303125,없음,거꾸로,정면,없음,흑발,단색,금색,"동물귀, 꼬리"
303128,없음,앉기·무릎꿇기,정면,없음,흑발,단색,금색,동물귀
303130,없음,서기,정면,없음,은발·백발,단색,금색,동물귀
303131,없음,서기,정면,다리·발,은발·백발,단색,금색,동물귀
303140,없음,서기,정면,없음,흑발,단색,갈색,없음
303141,없음,앉기·무릎꿇기,정면,엉덩이,흑발,단색,금색,없음
303142,없음,서기,정면,다리·발,흑발,단색,금색,"동물귀, 꼬리"
303170,없음,서기,정면,없음,흑발,단색,금색,뿔
303172,없음,엎드리기,정면,엉덩이,흑발,그라데이션,금색,없음
303180,없음,서기,정면,없음,금발,단색,보라,"뿔, 꼬리"
303181,없음,앉기·무릎꿇기,정면,없음,금발,단색,보라,없음
303182,없음,앉기·무릎꿇기,정면,없음,금발,단색,보라,없음
303183,없음,앉기·무릎꿇기,정면,가슴,금발,브릿지,보라,없음
303190,없음,서기,정면,없음,은발·백발,단색,보라,없음
303191,없음,눕기,정면,다리·발,은발·백발,브릿지,보라,없음
303192,없음,앉기·무릎꿇기,정면,없음,은발·백발,단색,보라,없음
303200,없음,서기,정면,없음,은발·백발,단색,은색·회색,없음
303201,없음,기타,정면,없음,흑발,단색,은색·회색,없음
303210,없음,기타,정면,없음,은발·백발,그라데이션,보라,"동물귀, 꼬리, 날개"
304010,없음,서기,정면,없음,금발,단색,청색,없음
304011,없음,서기,정면,없음,금발,단색,청색,없음
304012,없음,눕기,정면,다리·발,금발,단색,청색,없음
304013,없음,서기,정면,없음,금발,단색,청색,없음
304014,없음,앉기·무릎꿇기,후면,엉덩이,금발,단색,청색,없음
304020,없음,서기,정면,없음,흑발,단색,금색,없음
304021,없음,앉기·무릎꿇기,정면,없음,흑발,단색,금색,없음
304022,없음,앉기·무릎꿇기,정면,없음,흑발,단색,금색,없음
304023,없음,앉기·무릎꿇기,정면,없음,흑발,단색,금색,없음
304030,없음,서기,정면,없음,갈색,단색,적색,없음
304031,없음,서기,정면,없음,갈색,단색,적색,없음
304032,없음,서기,후면,없음,갈색,단색,적색,없음
304033,없음,앉기·무릎꿇기,정면,없음,갈색,단색,적색,없음
304040,없음,서기,정면,없음,보라,단색,보라,없음
304041,안경,서기,정면,없음,보라,단색,보라,뿔
304042,선글라스,서기,정면,없음,보라,단색,보라,없음
304043,없음,서기,정면,없음,보라,단색,보라,없음
304044,없음,앉기·무릎꿇기,정면,다리·발,보라,단색,보라,없음
304050,없음,서기,정면,없음,갈색,그라데이션,보라,"동물귀, 꼬리"
304051,없음,앉기·무릎꿇기,정면,없음,흑발,그라데이션,보라,"동물귀, 꼬리"
304052,없음,눕기,정면,없음,갈색,단색,보라,"동물귀, 꼬리"
304060,없음,앉기·무릎꿇기,정면,없음,흑발,단색,금색,없음
304070,없음,앉기·무릎꿇기,정면,없음,갈색,단색,보라,"동물귀, 꼬리"
304080,없음,기타,정면,없음,금발,단색,청색,없음
305010,없음,앉기·무릎꿇기,정면,없음,흑발,단색,청색,동물귀
305011,없음,서기,정면,없음,흑발,단색,청색,동물귀
305012,없음,앉기·무릎꿇기,정면,없음,흑발,그라데이션,청색,동물귀
305018,없음,서기,정면,없음,흑발,단색,청색,"동물귀, 꼬리"
305019,없음,서기,정면,없음,흑발,단색,보라,동물귀
305020,없음,앉기·무릎꿇기,정면,없음,흑발,단색,보라,동물귀
305021,없음,기타,정면,없음,흑발,단색,보라,"동물귀, 꼬리"
305022,없음,앉기·무릎꿇기,정면,다리·발,흑발,단색,적색,없음
305023,없음,서기,정면,없음,흑발,단색,적색,"동물귀, 꼬리"
305025,없음,서기,정면,없음,흑발,단색,적색,"동물귀, 꼬리"
305026,없음,서기,정면,없음,흑발,단색,적색,"동물귀, 꼬리"
305028,없음,서기,정면,없음,흑발,단색,적색,없음
305029,없음,앉기·무릎꿇기,정면,없음,흑발,단색,적색,동물귀
305030,없음,서기,정면,없음,적발,단색,금색,"동물귀, 꼬리"
305039,없음,서기,정면,없음,적발,단색,적색,"동물귀, 꼬리"
305040,없음,서기,정면,없음,은발·백발,단색,금색,꼬리
305049,없음,앉기·무릎꿇기,정면,없음,은발·백발,단색,적색,"동물귀, 꼬리"
305050,없음,서기,정면,없음,흑발,단색,금색,없음
305051,없음,앉기·무릎꿇기,정면,없음,흑발,단색,금색,"동물귀, 꼬리"
305052,없음,엎드리기,정면,없음,흑발,단색,금색,"동물귀, 꼬리"
305053,없음,앉기·무릎꿇기,정면,없음,흑발,단색,금색,"동물귀, 꼬리"
305054,없음,앉기·무릎꿇기,정면,없음,흑발,브릿지,금색,동물귀
305055,없음,앉기·무릎꿇기,정면,없음,흑발,단색,금색,동물귀
305058,없음,앉기·무릎꿇기,정면,없음,흑발,단색,금색,동물귀
305060,없음,서기,정면,없음,흑발,단색,금색,동물귀
305061,없음,서기,정면,없음,흑발,단색,금색,동물귀
305062,없음,엎드리기,정면,엉덩이,흑발,단색,금색,"동물귀, 꼬리"
305070,없음,서기,정면,없음,은발·백발,단색,청색,동물귀
305080,없음,서기,정면,없음,은발·백발,단색,보라,꼬리
305081,선글라스,앉기·무릎꿇기,정면,없음,은발·백발,그라데이션,보라,없음
305082,없음,서기,후면,없음,은발·백발,단색,갈색,뿔
305100,없음,서기,정면,없음,보라,단색,보라,없음
305101,없음,눕기,정면,없음,흑발,브릿지,금색,없음
305102,없음,앉기·무릎꿇기,정면,다리·발,흑발,브릿지,금색,"꼬리, 동물귀"
305108,없음,서기,후면,없음,흑발,단색,금색,"동물귀, 꼬리"
305110,없음,서기,정면,없음,흑발,단색,금색,없음
305111,없음,서기,정면,없음,흑발,단색,금색,없음
305112,없음,서기,정면,없음,흑발,단색,금색,없음
305113,없음,앉기·무릎꿇기,후면,없음,흑발,단색,금색,없음
305114,없음,서기,정면,없음,흑발,단색,금색,없음
305115,없음,서기,후면,없음,갈색,단색,금색,없음
305118,없음,서기,정면,없음,흑발,단색,금색,없음
305120,없음,서기,정면,없음,흑발,그라데이션,청색,없음
305121,없음,앉기·무릎꿇기,정면,없음,흑발,단색,청색,동물귀
305130,없음,서기,정면,없음,금발,단색,금색,없음
305131,없음,앉기·무릎꿇기,후면,엉덩이,은발·백발,단색,금색,뿔
305132,없음,앉기·무릎꿇기,정면,없음,은발·백발,단색,금색,뿔
305140,없음,서기,정면,없음,흑발,그라데이션,보라,없음
305141,없음,앉기·무릎꿇기,정면,없음,흑발,단색,보라,뿔
305142,안경,서기,정면,없음,보라,그라데이션,보라,동물귀
305143,없음,서기,정면,없음,흑발,그라데이션,보라,없음
305160,없음,앉기·무릎꿇기,정면,없음,흑발,단색,적색,"동물귀, 꼬리"
305161,없음,엎드리기,후면,엉덩이,흑발,단색,적색,없음
305170,없음,앉기·무릎꿇기,정면,없음,흑발,단색,금색,꼬리
306010,없음,서기,정면,없음,은발·백발,단색,금색,없음
306020,없음,기타,정면,없음,보라,단색,분홍,뿔
306030,없음,서기,정면,없음,보라,단색,갈색,없음
306031,없음,앉기·무릎꿇기,정면,없음,보라,단색,갈색,없음
306040,없음,서기,정면,없음,흑발,단색,갈색,없음
306041,없음,서기,후면,없음,갈색,단색,갈색,없음
306050,없음,기타,정면,없음,은발·백발,단색,갈색,동물귀
306051,없음,기타,정면,없음,은발·백발,단색,갈색,동물귀
306059,없음,서기,정면,없음,은발·백발,단색,갈색,동물귀
306060,없음,서기,정면,없음,분홍,단색,녹색,"동물귀, 꼬리"
306061,없음,앉기·무릎꿇기,정면,없음,분홍,단색,녹색,없음
306062,없음,앉기·무릎꿇기,정면,없음,분홍,단색,녹색,뿔
306063,없음,앉기·무릎꿇기,정면,없음,분홍,단색,녹색,꼬리
306070,없음,서기,정면,없음,흑발,단색,보라,없음
306071,없음,앉기·무릎꿇기,정면,다리·발,흑발,단색,보라,동물귀
306080,없음,앉기·무릎꿇기,정면,없음,적발,단색,보라,없음
306081,없음,서기,후면,엉덩이,적발,단색,보라,없음
306082,없음,앉기·무릎꿇기,후면,없음,분홍,단색,보라,없음
306083,없음,눕기,정면,없음,적발,단색,금색,동물귀
306090,없음,서기,정면,없음,적발,단색,보라,동물귀
306091,없음,거꾸로,정면,가슴,적발,단색,보라,동물귀
306092,없음,눕기,정면,없음,적발,그라데이션,갈색,동물귀
307010,없음,기타,정면,없음,흑발,단색,적색,"동물귀, 꼬리"
307011,없음,앉기·무릎꿇기,정면,없음,갈색,단색,적색,"동물귀, 꼬리"
307012,없음,서기,정면,없음,갈색,단색,적색,"동물귀, 꼬리"
307013,없음,서기,정면,없음,갈색,단색,적색,"동물귀, 꼬리"
307014,없음,앉기·무릎꿇기,정면,없음,갈색,단색,금색,"동물귀, 꼬리"
307015,없음,앉기·무릎꿇기,정면,없음,갈색,단색,적색,"동물귀, 꼬리"
307018,없음,서기,정면,없음,흑발,단색,적색,"동물귀, 꼬리, 후광"
307020,없음,기타,정면,없음,은발·백발,단색,청색,"동물귀, 꼬리"
307021,없음,앉기·무릎꿇기,정면,없음,은발·백발,단색,청색,"동물귀, 꼬리"
307022,없음,서기,정면,없음,은발·백발,단색,청색,"동물귀, 꼬리"
307023,없음,앉기·무릎꿇기,정면,없음,은발·백발,단색,청색,"동물귀, 꼬리, 날개"
307024,없음,앉기·무릎꿇기,정면,없음,은발·백발,단색,청색,"동물귀, 꼬리"
307025,없음,앉기·무릎꿇기,정면,없음,은발·백발,단색,청색,"동물귀, 꼬리"
307026,없음,서기,정면,없음,은발·백발,단색,청색,"동물귀, 꼬리"
307028,없음,서기,정면,없음,은발·백발,단색,청색,"동물귀, 꼬리"
307030,안경,기타,정면,없음,흑발,단색,청색,동물귀
307031,안경,서기,정면,없음,흑발,단색,청색,없음
307032,안경,서기,정면,없음,흑발,단색,청색,동물귀
307039,안경,앉기·무릎꿇기,정면,없음,흑발,단색,청색,없음
307040,없음,기타,정면,없음,은발·백발,단색,청색,동물귀
307041,없음,서기,정면,없음,은발·백발,단색,청색,동물귀
307049,없음,기타,정면,없음,은발·백발,단색,청색,동물귀
307050,없음,기타,정면,없음,은발·백발,단색,청색,없음
307051,없음,서기,후면,없음,은발·백발,그라데이션,청색,없음
307052,없음,눕기,정면,없음,은발·백발,단색,청색,없음
307058,없음,앉기·무릎꿇기,정면,없음,은발·백발,단색,청색,없음
307060,없음,서기,후면,없음,갈색,그라데이션,금색,없음
307061,없음,서기,정면,없음,갈색,단색,금색,없음
307062,없음,눕기,정면,다리·발,갈색,단색,금색,없음
307063,없음,서기,정면,없음,흑발,브릿지,금색,없음
307070,없음,서기,정면,없음,흑발,단색,적색,없음
307071,없음,앉기·무릎꿇기,정면,없음,흑발,단색,적색,없음
307072,없음,앉기·무릎꿇기,정면,없음,흑발,단색,적색,없음
307073,없음,앉기·무릎꿇기,정면,없음,흑발,단색,적색,없음
307074,안경,눕기,정면,다리·발,흑발,단색,적색,없음
307075,없음,눕기,정면,가슴,흑발,단색,적색,없음
307076,없음,눕기,정면,가슴,흑발,단색,적색,없음
307078,없음,앉기·무릎꿇기,후면,다리·발,흑발,단색,적색,없음
307080,없음,앉기·무릎꿇기,정면,없음,은발·백발,단색,보라,"동물귀, 꼬리"
307081,없음,앉기·무릎꿇기,정면,없음,은발·백발,단색,청색,"동물귀, 꼬리"
307082,없음,엎드리기,정면,엉덩이,은발·백발,단색,금색,"동물귀, 꼬리"
307083,없음,앉기·무릎꿇기,정면,다리·발,은발·백발,단색,보라,"동물귀, 꼬리"
307084,없음,서기,후면,없음,은발·백발,단색,청색,"동물귀, 꼬리"
307085,없음,엎드리기,정면,엉덩이,은발·백발,단색,보라,"동물귀, 꼬리"
307090,없음,서기,정면,없음,갈색,단색,적색,동물귀
307100,없음,서기,정면,없음,흑발,단색,적색,"동물귀, 꼬리"
307110,없음,서기,후면,없음,흑발,단색,적색,없음
307120,없음,서기,정면,없음,흑발,단색,녹색,없음
307121,없음,기타,정면,다리·발,흑발,단색,청색,없음
307122,선글라스,서기,정면,없음,흑발,단색,녹색,동물귀
307130,없음,서기,정면,없음,흑발,단색,적색,없음
307140,없음,서기,정면,없음,은발·백발,단색,보라,"동물귀, 꼬리"
307150,없음,서기,정면,없음,갈색,단색,보라,꼬리
307151,없음,서기,후면,없음,갈색,단색,보라,꼬리
307152,없음,앉기·무릎꿇기,정면,가슴,갈색,단색,보라,동물귀
307158,없음,서기,정면,없음,갈색,단색,보라,"동물귀, 꼬리"
307160,없음,서기,정면,없음,은발·백발,단색,금색,없음
307161,없음,거꾸로,정면,엉덩이,은발·백발,단색,금색,없음
307170,없음,서기,후면,없음,흑발,브릿지,청색,없음
307171,선글라스,기타,후면,엉덩이,흑발,브릿지,보라,없음
307172,,서기,후면,엉덩이,흑발,단색,,없음
308010,없음,앉기·무릎꿇기,정면,없음,적발,단색,적색,"동물귀, 꼬리"
308011,없음,서기,후면,엉덩이,적발,단색,적색,"동물귀, 꼬리"
308012,없음,앉기·무릎꿇기,정면,없음,적발,단색,적색,"동물귀, 꼬리"
308013,없음,앉기·무릎꿇기,정면,없음,적발,단색,적색,동물귀
308020,없음,앉기·무릎꿇기,정면,없음,흑발,단색,갈색,동물귀
308021,없음,앉기·무릎꿇기,정면,없음,갈색,단색,적색,동물귀
308022,없음,앉기·무릎꿇기,정면,없음,흑발,단색,적색,동물귀
308030,없음,엎드리기,정면,없음,흑발,단색,녹색,없음
308040,없음,앉기·무릎꿇기,정면,없음,분홍,단색,보라,없음
308041,없음,서기,정면,없음,분홍,단색,보라,없음
308042,없음,앉기·무릎꿇기,정면,없음,분홍,단색,청색,없음
308050,없음,앉기·무릎꿇기,정면,없음,흑발,단색,청색,없음
308051,없음,서기,정면,없음,흑발,단색,보라,없음
308060,없음,눕기,정면,없음,흑발,단색,적색,없음
308061,없음,서기,후면,없음,흑발,브릿지,적색,없음
312010,없음,서기,정면,없음,녹발,단색,금색,"동물귀, 꼬리"
312011,없음,서기,정면,없음,녹발,단색,금색,동물귀
312012,없음,서기,정면,없음,녹발,단색,금색,"동물귀, 꼬리"
312013,안경,서기,정면,없음,녹발,단색,금색,"동물귀, 꼬리"
312014,없음,서기,정면,없음,녹발,단색,금색,"동물귀, 꼬리"
312018,없음,서기,정면,없음,녹발,단색,금색,"동물귀, 꼬리"
317010,없음,앉기·무릎꿇기,정면,없음,청발,브릿지,청색,없음
317011,없음,서기,정면,없음,청발,그라데이션,청색,없음
317020,없음,기타,정면,없음,은발·백발,단색,청색,없음
317021,없음,기타,후면,엉덩이,은발·백발,브릿지,청색,없음
317022,없음,기타,후면,엉덩이,은발·백발,브릿지,은색·회색,없음
319010,없음,서기,정면,없음,갈색,단색,보라,"동물귀, 꼬리"
319011,없음,엎드리기,정면,가슴,갈색,단색,보라,"동물귀, 꼬리, 뿔"
319012,없음,엎드리기,후면,엉덩이,갈색,단색,보라,"동물귀, 꼬리"
319013,없음,앉기·무릎꿇기,정면,가슴,갈색,단색,보라,동물귀
319014,없음,서기,후면,엉덩이,갈색,단색,보라,"동물귀, 꼬리"
331050,없음,앉기·무릎꿇기,정면,없음,은발·백발,단색,금색,없음
331051,없음,서기,정면,없음,금발,단색,적색,동물귀
331052,없음,앉기·무릎꿇기,정면,없음,은발·백발,단색,금색,동물귀
331053,없음,서기,정면,없음,은발·백발,단색,적색,없음
331054,없음,앉기·무릎꿇기,정면,없음,은발·백발,단색,금색,없음
331055,없음,기타,정면,다리·발,은발·백발,단색,적색,없음
331056,없음,서기,정면,없음,금발,단색,금색,없음
332210,없음,앉기·무릎꿇기,정면,다리·발,흑발,단색,보라,없음
399010,없음,서기,정면,없음,청발,단색,적색,뿔
399011,없음,서기,정면,없음,청발,단색,오드아이,뿔
399012,없음,서기,정면,없음,청발,단색,오드아이,뿔
399013,없음,서기,정면,없음,청발,단색,오드아이,뿔
399014,없음,앉기·무릎꿇기,정면,다리·발,청발,단색,오드아이,뿔
399015,없음,앉기·무릎꿇기,정면,없음,청발,그라데이션,오드아이,뿔
399020,없음,서기,후면,없음,보라,단색,적색,뿔
399021,없음,서기,정면,없음,보라,단색,적색,없음
399022,없음,눕기,정면,없음,보라,단색,분홍,"뿔, 꼬리"
399030,없음,서기,정면,없음,은발·백발,단색,녹색,동물귀
399031,없음,서기,정면,다리·발,은발·백발,단색,녹색,동물귀
399033,없음,서기,정면,없음,은발·백발,단색,녹색,동물귀
399040,없음,앉기·무릎꿇기,정면,없음,흑발,단색,금색,없음
399041,없음,앉기·무릎꿇기,후면,없음,흑발,단색,금색,없음
399042,없음,앉기·무릎꿇기,정면,다리·발,보라,단색,금색,없음
399048,없음,앉기·무릎꿇기,정면,없음,흑발,단색,금색,없음
399050,없음,서기,정면,없음,은발·백발,단색,은색·회색,없음
399051,없음,앉기·무릎꿇기,정면,가슴,은발·백발,단색,은색·회색,없음
399052,없음,앉기·무릎꿇기,정면,없음,은발·백발,단색,은색·회색,뿔
399053,없음,서기,정면,없음,은발·백발,단색,은색·회색,없음
399054,없음,서기,후면,없음,은발·백발,브릿지,청색,뿔
399060,없음,서기,정면,없음,은발·백발,단색,적색,없음
399061,없음,앉기·무릎꿇기,정면,없음,은발·백발,단색,적색,없음
399062,없음,서기,정면,없음,은발·백발,단색,적색,"뿔, 꼬리"
399063,없음,엎드리기,정면,엉덩이,은발·백발,단색,적색,"뿔, 꼬리"
399070,없음,서기,정면,없음,흑발,단색,보라,없음
399071,없음,눕기,정면,다리·발,흑발,단색,보라,없음
399080,없음,서기,정면,없음,분홍,단색,적색,없음
401010,없음,서기,정면,없음,은발·백발,단색,보라,없음
401011,없음,앉기·무릎꿇기,정면,없음,은발·백발,단색,보라,없음
401019,없음,서기,정면,다리·발,은발·백발,단색,보라,없음
401020,없음,앉기·무릎꿇기,정면,다리·발,갈색,단색,적색,없음
401021,없음,서기,정면,없음,갈색,단색,적색,없음
401022,없음,앉기·무릎꿇기,정면,없음,흑발,단색,적색,없음
401090,없음,서기,정면,없음,금발,단색,적색,없음
401091,없음,앉기·무릎꿇기,정면,없음,금발,단색,적색,동물귀
401110,없음,서기,정면,없음,흑발,단색,보라,없음
401111,없음,엎드리기,정면,엉덩이,흑발,단색,보라,동물귀
401130,선글라스,기타,정면,없음,은발·백발,단색,은색·회색,없음
401131,없음,앉기·무릎꿇기,정면,다리·발,은발·백발,단색,금색,없음
401140,없음,서기,정면,없음,보라,단색,청색,없음
401141,고글,앉기·무릎꿇기,정면,없음,보라,단색,청색,없음
401150,없음,앉기·무릎꿇기,정면,없음,적발,단색,,없음
401151,없음,기타,정면,없음,적발,단색,,동물귀
401160,없음,기타,정면,없음,흑발,브릿지,적색,없음
401161,없음,서기,정면,없음,흑발,브릿지,적색,없음
401180,없음,앉기·무릎꿇기,정면,없음,금발,단색,청색,없음
401190,없음,앉기·무릎꿇기,정면,없음,흑발,단색,은색·회색,없음
401200,없음,앉기·무릎꿇기,정면,다리·발,녹발,단색,청색,없음
401210,없음,서기,정면,없음,은발·백발,단색,보라,없음
401230,없음,기타,정면,없음,금발,단색,보라,없음
401231,안경,서기,정면,없음,금발,단색,보라,없음
401232,없음,서기,정면,엉덩이,금발,단색,청색,없음
401233,없음,서기,정면,없음,금발,단색,보라,없음
401234,없음,서기,후면,없음,금발,단색,보라,없음
401235,없음,서기,정면,없음,금발,단색,보라,없음
401236,없음,서기,정면,없음,금발,단색,보라,없음
401237,없음,서기,후면,다리·발,금발,단색,보라,없음
401238,없음,서기,정면,없음,금발,단색,보라,없음
401239,없음,서기,정면,없음,금발,단색,청색,없음
401240,없음,서기,정면,없음,흑발,브릿지,금색,날개
401241,없음,앉기·무릎꿇기,정면,없음,흑발,브릿지,금색,날개
401242,없음,앉기·무릎꿇기,정면,없음,흑발,브릿지,금색,없음
401243,없음,서기,정면,없음,흑발,브릿지,금색,날개
401250,없음,서기,정면,없음,분홍,단색,금색,없음
401251,없음,앉기·무릎꿇기,정면,없음,분홍,단색,금색,없음
401260,없음,앉기·무릎꿇기,정면,없음,분홍,단색,보라,없음
401261,없음,앉기·무릎꿇기,정면,없음,분홍,단색,보라,없음
401280,없음,기타,정면,없음,은발·백발,단색,청색,없음
401281,없음,기타,정면,없음,은발·백발,단색,청색,없음
401282,없음,앉기·무릎꿇기,정면,없음,은발·백발,단색,청색,없음
401350,없음,앉기·무릎꿇기,정면,없음,갈색,그라데이션,보라,없음
401351,없음,기타,정면,없음,갈색,단색,보라,없음
401352,없음,앉기·무릎꿇기,정면,없음,갈색,단색,보라,없음
401353,없음,기타,정면,없음,갈색,단색,보라,없음
401360,없음,서기,정면,없음,보라,그라데이션,보라,없음
401430,없음,서기,후면,없음,분홍,단색,금색,없음
401431,안대,앉기·무릎꿇기,후면,없음,분홍,단색,금색,없음
401460,없음,서기,정면,없음,은발·백발,단색,금색,없음
401461,없음,앉기·무릎꿇기,정면,다리·발,은발·백발,단색,금색,없음
401462,없음,앉기·무릎꿇기,정면,다리·발,은발·백발,단색,금색,없음
401463,없음,서기,정면,없음,은발·백발,단색,금색,없음
401464,없음,앉기·무릎꿇기,정면,없음,은발·백발,단색,금색,없음
401465,없음,서기,정면,없음,은발·백발,단색,금색,없음
401466,없음,서기,정면,없음,은발·백발,단색,금색,없음
401470,안대,서기,정면,없음,분홍,단색,금색,없음
401471,안대,앉기·무릎꿇기,정면,다리·발,분홍,단색,금색,없음
401472,안대,서기,정면,없음,분홍,브릿지,금색,없음
401520,없음,엎드리기,정면,없음,흑발,그라데이션,금색,없음
401521,없음,서기,정면,없음,흑발,브릿지,금색,없음
401522,없음,기타,정면,다리·발,흑발,브릿지,금색,동물귀
401990,없음,기타,후면,엉덩이,은발·백발,브릿지,분홍,없음
401991,없음,기타,정면,다리·발,은발·백발,단색,분홍,없음
401992,없음,엎드리기,후면,엉덩이,은발·백발,브릿지,적색,없음
402010,없음,서기,정면,없음,은발·백발,단색,녹색,없음
402020,없음,서기,정면,없음,은발·백발,단색,청색,없음
402029,없음,서기,정면,없음,은발·백발,단색,청색,없음
402030,안경,서기,정면,없음,은발·백발,단색,보라,없음
402039,안경,서기,정면,없음,은발·백발,단색,보라,없음
402040,없음,기타,후면,엉덩이,금발,단색,분홍,없음
402041,없음,서기,정면,없음,금발,단색,분홍,없음
402049,없음,서기,후면,엉덩이,금발,단색,보라,없음
402050,없음,서기,정면,없음,은발·백발,단색,적색,없음
402051,없음,서기,정면,없음,은발·백발,단색,적색,없음
402060,없음,기타,정면,없음,흑발,단색,적색,없음
402061,없음,앉기·무릎꿇기,정면,없음,흑발,브릿지,적색,없음
402062,없음,앉기·무릎꿇기,정면,다리·발,흑발,브릿지,적색,없음
402070,없음,서기,정면,없음,은발·백발,단색,청색,없음
402071,없음,서기,정면,없음,은발·백발,단색,은색·회색,"날개, 동물귀"
402072,없음,눕기,정면,다리·발,은발·백발,단색,청색,없음
402073,없음,서기,정면,없음,은발·백발,단색,청색,없음
402074,없음,앉기·무릎꿇기,정면,없음,은발·백발,단색,청색,없음
402080,없음,서기,정면,없음,은발·백발,단색,오드아이,없음
402081,없음,앉기·무릎꿇기,정면,다리·발,은발·백발,단색,오드아이,없음
402082,없음,눕기,정면,없음,은발·백발,단색,오드아이,없음
402083,없음,앉기·무릎꿇기,정면,다리·발,은발·백발,단색,오드아이,없음
402100,없음,서기,정면,없음,청발,단색,금색,"날개, 뿔"
402101,없음,앉기·무릎꿇기,정면,없음,청발,단색,금색,"뿔, 날개"
402102,없음,서기,정면,없음,청발,단색,금색,꼬리
402110,없음,서기,정면,없음,은발·백발,단색,보라,날개
402111,없음,앉기·무릎꿇기,정면,가슴,은발·백발,브릿지,보라,없음
403010,없음,서기,정면,없음,금발,단색,녹색,없음
403012,없음,서기,정면,없음,금발,단색,녹색,없음
403019,없음,서기,정면,없음,금발,단색,녹색,없음
403020,없음,서기,정면,없음,금발,단색,적색,없음
403021,고글,서기,정면,없음,금발,단색,적색,없음
403022,없음,기타,정면,없음,금발,단색,적색,없음
403023,없음,앉기·무릎꿇기,정면,없음,금발,단색,적색,없음
403030,없음,앉기·무릎꿇기,정면,없음,은발·백발,브릿지,금색,없음
403031,없음,앉기·무릎꿇기,정면,다리·발,은발·백발,브릿지,적색,없음
403032,없음,앉기·무릎꿇기,정면,없음,은발·백발,단색,적색,없음
403033,없음,앉기·무릎꿇기,정면,다리·발,은발·백발,단색,적색,날개
403034,없음,앉기·무릎꿇기,정면,없음,은발·백발,단색,금색,없음
403035,없음,기타,정면,없음,은발·백발,단색,적색,없음
403036,없음,서기,정면,없음,은발·백발,단색,적색,동물귀
403037,없음,엎드리기,정면,엉덩이,은발·백발,브릿지,금색,동물귀
403038,없음,서기,정면,없음,은발·백발,브릿지,금색,없음
403040,없음,기타,정면,없음,흑발,브릿지,청색,없음
403041,없음,서기,정면,없음,은발·백발,단색,청색,없음
403042,없음,앉기·무릎꿇기,정면,가슴,흑발,브릿지,청색,없음
403043,없음,서기,정면,없음,흑발,브릿지,청색,없음
403044,없음,앉기·무릎꿇기,정면,없음,흑발,브릿지,청색,없음
403050,없음,서기,정면,없음,은발·백발,브릿지,청색,없음
403051,없음,서기,정면,없음,은발·백발,브릿지,청색,없음
403052,없음,서기,정면,없음,은발·백발,브릿지,청색,없음
403053,없음,서기,정면,없음,은발·백발,브릿지,청색,꼬리
403054,없음,서기,정면,다리·발,은발·백발,브릿지,청색,없음
403070,없음,서기,후면,없음,금발,단색,녹색,없음
403080,없음,서기,정면,없음,은발·백발,단색,적색,없음
403090,없음,서기,정면,없음,은발·백발,단색,적색,없음
403091,없음,앉기·무릎꿇기,정면,없음,은발·백발,단색,적색,없음
403092,없음,앉기·무릎꿇기,정면,없음,은발·백발,단색,적색,동물귀
403093,없음,앉기·무릎꿇기,정면,없음,은발·백발,단색,적색,없음
403094,없음,서기,정면,없음,은발·백발,단색,적색,동물귀
403100,고글,서기,정면,없음,은발·백발,단색,적색,없음
403101,없음,눕기,정면,다리·발,은발·백발,단색,적색,없음
403102,없음,앉기·무릎꿇기,정면,다리·발,은발·백발,브릿지,적색,없음
403103,없음,앉기·무릎꿇기,정면,엉덩이,은발·백발,단색,적색,"동물귀, 꼬리"
403110,없음,서기,정면,없음,은발·백발,단색,분홍,없음
403111,없음,앉기·무릎꿇기,정면,없음,은발·백발,단색,적색,날개
403112,없음,서기,정면,가슴,은발·백발,단색,분홍,없음
403120,없음,앉기·무릎꿇기,후면,없음,은발·백발,단색,금색,없음
403130,없음,서기,정면,없음,은발·백발,단색,청색,없음
403140,안경,서기,정면,없음,보라,그라데이션,분홍,없음
403141,안경,눕기,정면,가슴,보라,단색,보라,뿔
403142,안경,엎드리기,후면,엉덩이,보라,단색,보라,없음
403150,없음,앉기·무릎꿇기,정면,없음,은발·백발,단색,금색,없음
403160,없음,서기,정면,없음,은발·백발,브릿지,금색,뿔
403170,안대,앉기·무릎꿇기,정면,없음,흑발,브릿지,적색,날개
403171,없음,눕기,정면,다리·발,흑발,브릿지,분홍,날개
404010,안대,서기,정면,없음,은발·백발,단색,청색,없음
404011,안대,앉기·무릎꿇기,정면,없음,분홍,그라데이션,청색,없음
404020,안경,기타,정면,없음,은발·백발,단색,보라,없음
404021,안경,서기,정면,없음,보라,단색,청색,없음
404030,없음,서기,정면,없음,분홍,단색,보라,없음
404031,없음,서기,정면,없음,분홍,단색,청색,없음
404032,없음,서기,정면,없음,분홍,단색,청색,없음
404033,선글라스,서기,정면,없음,분홍,단색,청색,없음
404034,없음,앉기·무릎꿇기,후면,엉덩이,분홍,단색,보라,없음
404040,없음,앉기·무릎꿇기,정면,없음,은발·백발,단색,은색·회색,없음
404041,없음,서기,정면,없음,은발·백발,단색,적색,없음
404042,없음,앉기·무릎꿇기,정면,없음,은발·백발,단색,갈색,없음
404048,없음,눕기,정면,없음,은발·백발,단색,은색·회색,없음
404050,없음,앉기·무릎꿇기,정면,없음,흑발,투톤,적색,없음
404051,없음,기타,정면,다리·발,은발·백발,단색,적색,없음
404060,없음,서기,정면,없음,흑발,단색,적색,없음
404061,없음,앉기·무릎꿇기,정면,다리·발,흑발,단색,적색,없음
404070,없음,서기,정면,없음,은발·백발,브릿지,적색,뿔
404071,없음,앉기·무릎꿇기,정면,없음,은발·백발,브릿지,적색,없음
405010,없음,서기,정면,없음,금발,단색,청색,없음
405011,없음,앉기·무릎꿇기,정면,없음,금발,단색,청색,없음
405012,없음,서기,정면,없음,금발,단색,청색,없음
405013,없음,앉기·무릎꿇기,정면,없음,금발,단색,청색,없음
405018,없음,앉기·무릎꿇기,정면,없음,금발,단색,청색,없음
405020,없음,서기,정면,없음,은발·백발,단색,청색,없음
405021,선글라스,앉기·무릎꿇기,정면,다리·발,은발·백발,단색,청색,없음
405022,없음,서기,정면,없음,은발·백발,단색,청색,없음
405023,없음,서기,후면,없음,은발·백발,단색,청색,없음
405024,없음,서기,후면,없음,은발·백발,단색,청색,없음
405025,고글,서기,후면,엉덩이,은발·백발,단색,청색,없음
405030,없음,앉기·무릎꿇기,정면,없음,흑발,단색,금색,없음
405031,없음,서기,정면,없음,흑발,브릿지,금색,없음
405032,없음,앉기·무릎꿇기,정면,다리·발,흑발,그라데이션,금색,없음
405033,없음,앉기·무릎꿇기,정면,없음,흑발,브릿지,금색,없음
405038,없음,서기,정면,없음,은발·백발,기타,금색,없음
405040,없음,서기,정면,없음,은발·백발,단색,청색,없음
405041,없음,서기,후면,엉덩이,은발·백발,단색,청색,없음
405050,없음,서기,정면,없음,금발,단색,청색,없음
405051,없음,앉기·무릎꿇기,정면,없음,금발,단색,청색,없음
405052,없음,앉기·무릎꿇기,정면,다리·발,금발,단색,청색,없음
405060,없음,서기,정면,없음,흑발,단색,금색,없음
405070,없음,서기,후면,없음,흑발,단색,녹색,날개
405071,선글라스,눕기,정면,가슴,은발·백발,단색,녹색,"뿔, 날개, 꼬리"
406010,없음,앉기·무릎꿇기,정면,없음,적발,단색,적색,없음
406011,없음,앉기·무릎꿇기,정면,없음,흑발,그라데이션,적색,없음
406012,없음,서기,정면,없음,적발,단색,적색,없음
406013,없음,서기,정면,없음,적발,단색,적색,없음
406014,없음,앉기·무릎꿇기,정면,없음,적발,단색,적색,없음
406020,없음,앉기·무릎꿇기,정면,없음,은발·백발,단색,보라,없음
406021,없음,앉기·무릎꿇기,정면,없음,은발·백발,브릿지,분홍,없음
406022,없음,앉기·무릎꿇기,정면,없음,은발·백발,브릿지,보라,없음
406030,없음,앉기·무릎꿇기,정면,없음,은발·백발,단색,청색,없음
406031,없음,엎드리기,후면,엉덩이,은발·백발,단색,청색,없음
406032,없음,기타,정면,없음,은발·백발,단색,청색,없음
407010,없음,앉기·무릎꿇기,정면,없음,은발·백발,단색,적색,없음
407011,없음,서기,정면,없음,은발·백발,단색,적색,없음
407012,없음,눕기,정면,다리·발,은발·백발,단색,적색,없음
407020,없음,앉기·무릎꿇기,정면,없음,은발·백발,단색,분홍,없음
407030,없음,서기,정면,없음,흑발,단색,보라,없음
407031,없음,서기,정면,없음,흑발,단색,보라,없음
407032,없음,앉기·무릎꿇기,정면,없음,흑발,단색,분홍,없음
407033,없음,서기,정면,없음,흑발,단색,보라,없음
407040,없음,서기,정면,없음,은발·백발,단색,적색,없음
407041,없음,앉기·무릎꿇기,정면,없음,은발·백발,단색,적색,동물귀
408010,없음,기타,정면,다리·발,분홍,단색,금색,동물귀
408011,없음,서기,정면,없음,분홍,단색,청색,없음
408012,없음,앉기·무릎꿇기,정면,다리·발,분홍,단색,오드아이,동물귀
408020,없음,엎드리기,정면,엉덩이,흑발,단색,적색,없음
408021,안경,서기,정면,없음,흑발,단색,적색,없음
408022,없음,앉기·무릎꿇기,정면,없음,흑발,단색,적색,없음
408023,없음,서기,정면,다리·발,흑발,단색,적색,없음
408024,없음,엎드리기,정면,다리·발,흑발,브릿지,적색,동물귀
408025,없음,기타,정면,다리·발,흑발,브릿지,적색,없음
408030,없음,기타,정면,없음,분홍,단색,갈색,없음
408040,없음,기타,정면,다리·발,청발,단색,분홍,없음
408041,없음,서기,후면,없음,청발,그라데이션,분홍,없음
408042,없음,기타,정면,없음,보라,단색,적색,없음
408050,없음,기타,정면,없음,흑발,단색,적색,없음
408051,없음,앉기·무릎꿇기,정면,없음,흑발,단색,적색,없음
408052,없음,거꾸로,정면,다리·발,흑발,단색,적색,없음
408060,없음,서기,정면,없음,흑발,단색,청색,없음
408061,없음,앉기·무릎꿇기,정면,다리·발,흑발,브릿지,청색,없음
408070,없음,거꾸로,정면,엉덩이,은발·백발,단색,청색,없음
408080,없음,거꾸로,정면,없음,은발·백발,단색,은색·회색,없음
408081,없음,앉기·무릎꿇기,정면,없음,은발·백발,단색,은색·회색,없음
408082,없음,서기,정면,없음,은발·백발,단색,보라,없음
408083,없음,서기,정면,없음,은발·백발,단색,은색·회색,없음
408084,없음,서기,정면,없음,은발·백발,단색,은색·회색,동물귀
408085,없음,앉기·무릎꿇기,정면,없음,은발·백발,단색,청색,없음
408090,선글라스,기타,정면,다리·발,은발·백발,단색,금색,없음
408091,없음,앉기·무릎꿇기,정면,다리·발,은발·백발,단색,금색,없음
408092,없음,눕기,정면,없음,은발·백발,단색,금색,없음
408093,없음,앉기·무릎꿇기,정면,없음,은발·백발,단색,금색,없음
408100,없음,기타,정면,없음,흑발,브릿지,분홍,동물귀
408101,없음,앉기·무릎꿇기,정면,없음,흑발,브릿지,적색,없음
408102,없음,앉기·무릎꿇기,정면,없음,흑발,브릿지,적색,없음
408110,없음,앉기·무릎꿇기,정면,없음,은발·백발,단색,적색,없음
408111,없음,앉기·무릎꿇기,정면,없음,은발·백발,단색,적색,없음
408112,없음,기타,정면,다리·발,은발·백발,단색,적색,없음
408120,없음,기타,정면,없음,적발,단색,적색,없음
408121,없음,서기,후면,없음,적발,단색,적색,없음
408130,없음,앉기·무릎꿇기,정면,없음,은발·백발,단색,보라,없음
408131,없음,엎드리기,정면,없음,은발·백발,단색,보라,없음
408140,없음,눕기,정면,다리·발,은발·백발,단색,적색,없음
408141,없음,서기,정면,없음,은발·백발,단색,오드아이,없음
408150,없음,서기,정면,가슴,보라,단색,보라,뿔
408151,없음,서기,정면,없음,보라,그라데이션,보라,없음
431230,없음,앉기·무릎꿇기,정면,다리·발,금발,단색,보라,없음
431232,없음,거꾸로,정면,엉덩이,금발,단색,보라,없음
431233,없음,앉기·무릎꿇기,후면,없음,금발,단색,보라,없음
431234,없음,앉기·무릎꿇기,후면,엉덩이,금발,단색,보라,없음
499010,없음,서기,정면,없음,금발,단색,갈색,없음
499011,없음,앉기·무릎꿇기,정면,없음,금발,브릿지,금색,없음
499012,없음,앉기·무릎꿇기,정면,없음,금발,브릿지,갈색,없음
499013,없음,앉기·무릎꿇기,정면,없음,금발,브릿지,갈색,없음
499018,없음,눕기,정면,없음,금발,브릿지,갈색,없음
499020,없음,서기,정면,없음,흑발,단색,금색,없음
499021,없음,서기,정면,없음,흑발,단색,금색,뿔
499022,없음,엎드리기,정면,없음,흑발,단색,금색,뿔
499023,없음,앉기·무릎꿇기,정면,가슴,흑발,단색,금색,뿔
499024,없음,앉기·무릎꿇기,정면,가슴,흑발,단색,금색,없음
499028,없음,기타,정면,없음,은발·백발,단색,금색,없음
499030,없음,서기,정면,없음,은발·백발,단색,청색,없음
499032,없음,서기,정면,없음,은발·백발,단색,보라,없음
499033,없음,눕기,정면,다리·발,은발·백발,단색,보라,없음
499040,없음,서기,정면,없음,은발·백발,그라데이션,청색,없음
499041,없음,서기,정면,없음,은발·백발,단색,청색,없음
499050,없음,앉기·무릎꿇기,정면,없음,은발·백발,단색,금색,없음
499051,없음,엎드리기,정면,다리·발,은발·백발,단색,금색,뿔
499052,없음,앉기·무릎꿇기,후면,다리·발,은발·백발,단색,금색,뿔
499053,없음,앉기·무릎꿇기,정면,다리·발,은발·백발,브릿지,금색,없음
499060,없음,앉기·무릎꿇기,정면,없음,흑발,단색,보라,없음
499061,없음,앉기·무릎꿇기,정면,다리·발,흑발,그라데이션,보라,없음
499062,없음,앉기·무릎꿇기,정면,없음,흑발,단색,보라,없음
499063,없음,서기,정면,없음,회색,단색,보라,없음
499070,없음,서기,정면,없음,분홍,단색,보라,뿔
499071,없음,서기,정면,없음,분홍,단색,보라,없음
499072,없음,앉기·무릎꿇기,정면,없음,분홍,단색,보라,뿔
499080,없음,서기,후면,없음,보라,그라데이션,적색,없음
499081,없음,앉기·무릎꿇기,정면,없음,보라,단색,적색,뿔
499090,없음,서기,정면,없음,적발,단색,적색,없음
499091,없음,앉기·무릎꿇기,정면,가슴,적발,단색,분홍,동물귀
499092,없음,엎드리기,정면,엉덩이,적발,단색,적색,없음
499100,없음,기타,정면,없음,분홍,단색,오드아이,날개
499101,없음,앉기·무릎꿇기,정면,다리·발,분홍,단색,오드아이,뿔
499110,없음,서기,정면,없음,분홍,단색,녹색,없음
501010,없음,기타,정면,없음,은발·백발,그라데이션,녹색,없음
501012,없음,앉기·무릎꿇기,정면,없음,녹발,단색,녹색,없음
501019,없음,기타,정면,없음,녹발,단색,녹색,없음
501020,없음,기타,정면,없음,적발,단색,청색,없음
501021,없음,앉기·무릎꿇기,정면,다리·발,갈색,단색,청색,없음
501029,없음,기타,정면,없음,적발,그라데이션,청색,없음
501030,없음,기타,정면,없음,은발·백발,단색,분홍,"동물귀, 꼬리"
501031,없음,기타,정면,없음,은발·백발,단색,보라,없음
501032,없음,앉기·무릎꿇기,정면,없음,은발·백발,단색,적색,없음
501039,없음,기타,정면,없음,은발·백발,단색,분홍,없음
501040,없음,서기,정면,없음,흑발,단색,보라,없음
501041,없음,앉기·무릎꿇기,정면,다리·발,갈색,단색,보라,없음
501042,없음,엎드리기,정면,없음,갈색,단색,보라,없음
501049,없음,앉기·무릎꿇기,정면,없음,흑발,단색,보라,없음
501050,없음,서기,정면,,은발·백발,그라데이션,청색,"뿔, 꼬리"
501051,없음,앉기·무릎꿇기,정면,없음,은발·백발,단색,청색,"뿔, 꼬리"
501052,없음,서기,후면,없음,보라,그라데이션,청색,"뿔, 꼬리"
501060,없음,앉기·무릎꿇기,정면,없음,금발,브릿지,갈색,"동물귀, 꼬리"
501061,없음,서기,정면,없음,금발,단색,금색,"동물귀, 꼬리"
501070,없음,서기,정면,없음,은발·백발,단색,금색,없음
501071,없음,서기,후면,없음,은발·백발,단색,금색,없음
501072,없음,앉기·무릎꿇기,정면,없음,은발·백발,단색,금색,없음
501080,없음,서기,정면,없음,흑발,단색,,없음
501081,없음,서기,정면,없음,흑발,단색,갈색,없음
501082,없음,앉기·무릎꿇기,정면,없음,갈색,단색,갈색,없음
501090,없음,서기,후면,없음,흑발,단색,금색,날개
501091,없음,앉기·무릎꿇기,정면,없음,흑발,단색,금색,없음
502010,없음,서기,정면,없음,흑발,단색,적색,없음
502011,없음,앉기·무릎꿇기,후면,없음,흑발,단색,적색,없음
502012,없음,앉기·무릎꿇기,정면,없음,흑발,단색,적색,없음
502013,없음,눕기,정면,없음,흑발,단색,적색,없음
502018,없음,앉기·무릎꿇기,정면,없음,흑발,단색,적색,없음
502019,없음,앉기·무릎꿇기,정면,없음,흑발,단색,적색,없음
502020,없음,서기,정면,없음,흑발,단색,보라,없음
502021,선글라스,서기,정면,없음,흑발,단색,보라,없음
502022,없음,기타,정면,엉덩이,흑발,단색,보라,동물귀
502023,없음,서기,정면,없음,보라,단색,분홍,없음
502024,없음,서기,후면,없음,보라,단색,보라,없음
502025,없음,서기,정면,없음,보라,단색,보라,없음
502026,없음,앉기·무릎꿇기,정면,없음,보라,단색,보라,없음
502027,없음,서기,정면,없음,흑발,단색,보라,없음
502029,없음,서기,정면,없음,흑발,브릿지,보라,없음
502030,없음,서기,정면,없음,갈색,단색,갈색,없음
502031,없음,서기,정면,없음,갈색,단색,적색,없음
502032,없음,기타,정면,다리·발,갈색,단색,적색,"동물귀, 꼬리"
502033,없음,서기,정면,없음,갈색,단색,분홍,없음
502034,없음,서기,정면,없음,갈색,단색,갈색,없음
502035,없음,서기,정면,없음,갈색,단색,분홍,없음
502036,없음,앉기·무릎꿇기,정면,없음,갈색,단색,분홍,없음
502037,없음,서기,정면,없음,갈색,단색,갈색,없음
502039,없음,서기,정면,없음,갈색,단색,적색,없음
502040,없음,서기,정면,다리·발,은발·백발,단색,청색,없음
502041,없음,앉기·무릎꿇기,정면,없음,은발·백발,투톤,청색,없음
502042,없음,엎드리기,정면,다리·발,보라,그라데이션,청색,없음
502043,선글라스,앉기·무릎꿇기,정면,없음,은발·백발,그라데이션,청색,없음
502049,없음,서기,정면,없음,은발·백발,단색,청색,없음
502050,없음,서기,후면,없음,은발·백발,투톤,보라,없음
502051,없음,앉기·무릎꿇기,정면,다리·발,갈색,그라데이션,보라,없음
502052,없음,엎드리기,정면,엉덩이,적발,브릿지,보라,없음
502053,선글라스,앉기·무릎꿇기,후면,엉덩이,은발·백발,투톤,보라,없음
502059,없음,서기,정면,없음,은발·백발,투톤,보라,없음
502070,없음,기타,정면,없음,은발·백발,그라데이션,금색,없음
502071,없음,서기,정면,없음,은발·백발,그라데이션,금색,없음
502072,없음,서기,후면,없음,은발·백발,그라데이션,금색,없음
502073,없음,서기,정면,없음,은발·백발,단색,금색,없음
502074,없음,앉기·무릎꿇기,정면,없음,은발·백발,단색,금색,없음
502078,없음,서기,정면,없음,은발·백발,단색,금색,없음
502080,없음,서기,정면,없음,갈색,단색,적색,없음
502081,없음,앉기·무릎꿇기,정면,없음,갈색,단색,적색,없음
502090,없음,서기,정면,없음,흑발,그라데이션,보라,"꼬리, 동물귀"
502091,없음,앉기·무릎꿇기,정면,없음,보라,단색,보라,없음
502092,없음,앉기·무릎꿇기,정면,없음,보라,단색,보라,없음
502100,선글라스,서기,정면,없음,흑발,그라데이션,보라,없음
502101,없음,서기,후면,없음,흑발,단색,보라,없음
502120,없음,서기,정면,없음,흑발,그라데이션,적색,동물귀
502121,없음,앉기·무릎꿇기,후면,엉덩이,흑발,브릿지,적색,동물귀
503010,없음,서기,정면,없음,흑발,단색,적색,없음
503011,없음,앉기·무릎꿇기,후면,엉덩이,흑발,단색,적색,없음
503012,없음,서기,후면,엉덩이,흑발,단색,적색,없음
503013,없음,앉기·무릎꿇기,정면,없음,흑발,단색,적색,없음
503020,없음,서기,정면,없음,은발·백발,단색,금색,없음
503021,없음,앉기·무릎꿇기,정면,없음,은발·백발,단색,금색,없음
504010,없음,앉기·무릎꿇기,정면,없음,흑발,브릿지,녹색,없음
504011,없음,기타,정면,없음,흑발,단색,청색,없음
506010,없음,앉기·무릎꿇기,정면,없음,흑발,단색,분홍,없음
506011,없음,앉기·무릎꿇기,정면,없음,흑발,단색,보라,없음
506012,없음,엎드리기,후면,다리·발,흑발,단색,보라,없음
506013,없음,서기,정면,없음,흑발,단색,적색,없음
506018,없음,앉기·무릎꿇기,정면,없음,흑발,단색,보라,없음
506019,없음,서기,후면,없음,흑발,단색,적색,날개
506020,없음,서기,정면,없음,흑발,브릿지,청색,없음
506021,없음,앉기·무릎꿇기,정면,없음,흑발,브릿지,청색,없음
506022,없음,앉기·무릎꿇기,정면,없음,갈색,브릿지,청색,없음
506029,없음,서기,정면,없음,흑발,브릿지,청색,없음
519010,없음,서기,정면,없음,흑발,단색,분홍,없음
519011,없음,서기,정면,없음,흑발,단색,분홍,없음
519012,없음,서기,정면,없음,흑발,단색,분홍,없음
599010,없음,서기,후면,없음,흑발,브릿지,금색,없음
599011,없음,서기,후면,없음,흑발,브릿지,금색,없음
599012,없음,앉기·무릎꿇기,정면,다리·발,흑발,브릿지,금색,없음
599018,없음,앉기·무릎꿇기,정면,없음,갈색,단색,금색,없음
601020,없음,서기,정면,없음,금발,단색,보라,없음
601021,없음,서기,정면,없음,금발,단색,보라,없음
601030,없음,기타,정면,없음,은발·백발,단색,보라,없음
601032,없음,앉기·무릎꿇기,정면,없음,은발·백발,단색,보라,없음
601040,없음,서기,정면,없음,은발·백발,투톤,적색,없음
601041,없음,앉기·무릎꿇기,정면,없음,은발·백발,단색,적색,없음
601050,없음,서기,정면,없음,은발·백발,단색,청색,없음
601051,없음,앉기·무릎꿇기,정면,다리·발,은발·백발,단색,청색,없음
601060,없음,서기,정면,없음,보라,투톤,청색,없음
601061,선글라스,서기,정면,없음,보라,단색,청색,없음
601070,없음,서기,정면,없음,분홍,단색,금색,없음
601071,없음,눕기,정면,없음,분홍,단색,적색,없음
601080,선글라스,서기,정면,없음,금발,단색,청색,없음
601081,없음,서기,정면,없음,갈색,단색,보라,없음
601090,없음,서기,정면,없음,분홍,단색,보라,없음
601091,없음,앉기·무릎꿇기,정면,다리·발,분홍,단색,보라,없음
601100,없음,앉기·무릎꿇기,정면,없음,금발,단색,보라,없음
601101,없음,앉기·무릎꿇기,정면,엉덩이,금발,단색,보라,없음
601102,없음,기타,정면,없음,금발,단색,보라,없음
601110,없음,서기,정면,없음,금발,브릿지,청색,없음
601111,없음,서기,정면,없음,은발·백발,브릿지,청색,없음
601120,없음,서기,정면,없음,분홍,단색,녹색,없음
601121,없음,앉기·무릎꿇기,후면,다리·발,분홍,단색,녹색,없음
602010,없음,서기,정면,없음,은발·백발,단색,적색,없음
602011,없음,앉기·무릎꿇기,정면,없음,은발·백발,단색,적색,없음
602020,없음,서기,정면,없음,녹발,단색,적색,없음
602021,없음,서기,정면,없음,녹발,단색,적색,없음
602030,없음,서기,후면,엉덩이,은발·백발,단색,금색,없음
602031,없음,엎드리기,정면,엉덩이,은발·백발,단색,금색,없음
602040,없음,서기,정면,없음,금발,단색,청색,없음
602041,없음,앉기·무릎꿇기,정면,엉덩이,금발,브릿지,청색,없음
603010,없음,서기,정면,없음,보라,단색,적색,없음
603011,선글라스,엎드리기,정면,가슴,보라,단색,적색,없음
603020,없음,서기,정면,없음,적발,단색,금색,없음
603021,고글,서기,정면,가슴,적발,단색,금색,없음
603030,없음,서기,정면,없음,보라,단색,적색,없음
603031,없음,거꾸로,후면,엉덩이,보라,그라데이션,적색,없음
603040,없음,서기,정면,없음,분홍,단색,청색,없음
603041,없음,서기,후면,다리·발,분홍,단색,녹색,없음
603042,없음,앉기·무릎꿇기,정면,없음,분홍,단색,녹색,없음
603043,없음,앉기·무릎꿇기,후면,없음,분홍,단색,은색·회색,없음
603050,없음,서기,정면,없음,흑발,단색,적색,없음
603051,없음,서기,정면,다리·발,흑발,단색,적색,없음
603052,없음,앉기·무릎꿇기,정면,다리·발,흑발,단색,적색,없음
603053,없음,앉기·무릎꿇기,정면,다리·발,흑발,브릿지,적색,없음
603060,없음,서기,정면,없음,금발,단색,청색,없음
603061,없음,앉기·무릎꿇기,정면,다리·발,금발,단색,청색,없음
603062,없음,눕기,정면,엉덩이,금발,단색,청색,없음
605010,없음,서기,정면,없음,은발·백발,단색,은색·회색,없음
605011,없음,엎드리기,후면,엉덩이,은발·백발,단색,은색·회색,없음
605020,없음,서기,정면,없음,녹발,단색,적색,없음
605021,선글라스,앉기·무릎꿇기,정면,없음,녹발,단색,적색,없음
605022,없음,앉기·무릎꿇기,정면,다리·발,녹발,단색,적색,없음
605023,없음,앉기·무릎꿇기,정면,없음,녹발,단색,적색,없음
605024,없음,앉기·무릎꿇기,정면,다리·발,녹발,단색,적색,없음
605030,없음,서기,정면,없음,흑발,단색,오드아이,없음
605031,없음,서기,정면,없음,흑발,브릿지,오드아이,없음
605032,없음,앉기·무릎꿇기,정면,없음,흑발,단색,오드아이,없음
605050,없음,서기,정면,없음,은발·백발,단색,금색,없음
605051,선글라스,앉기·무릎꿇기,정면,없음,은발·백발,단색,금색,없음
605060,없음,서기,정면,없음,은발·백발,단색,금색,없음
605061,없음,서기,정면,없음,은발·백발,단색,적색,없음
605062,없음,앉기·무릎꿇기,정면,다리·발,은발·백발,단색,적색,없음
605070,없음,서기,정면,없음,은발·백발,단색,금색,없음
605071,없음,서기,정면,없음,은발·백발,단색,금색,없음
605080,없음,앉기·무릎꿇기,정면,없음,녹발,단색,금색,뿔
605081,없음,엎드리기,정면,엉덩이,녹발,단색,금색,없음
605082,없음,눕기,정면,없음,녹발,브릿지,금색,동물귀
605090,없음,서기,정면,없음,흑발,단색,,"뿔, 날개"
605091,없음,앉기·무릎꿇기,정면,없음,흑발,단색,적색,없음
607010,없음,기타,정면,없음,은발·백발,단색,녹색,없음
607011,없음,앉기·무릎꿇기,정면,없음,은발·백발,단색,녹색,없음
607012,없음,서기,정면,없음,은발·백발,단색,녹색,없음
607020,없음,서기,정면,없음,분홍,단색,청색,없음
607021,없음,앉기·무릎꿇기,정면,다리·발,갈색,단색,청색,없음
607022,없음,앉기·무릎꿇기,정면,없음,분홍,그라데이션,청색,없음
608010,고글,거꾸로,정면,없음,흑발,기타,적색,없음
608011,없음,앉기·무릎꿇기,후면,없음,흑발,단색,적색,없음
608020,없음,앉기·무릎꿇기,정면,없음,금발,단색,금색,없음
608021,없음,서기,정면,없음,금발,단색,금색,날개
608022,없음,기타,정면,다리·발,금발,단색,금색,없음
608030,없음,기타,정면,다리·발,녹발,단색,보라,없음
608031,없음,엎드리기,정면,엉덩이,녹발,단색,보라,없음
699010,없음,기타,정면,없음,청발,단색,적색,없음
699011,없음,눕기,정면,다리·발,청발,그라데이션,적색,없음
699012,없음,엎드리기,정면,엉덩이,청발,단색,적색,"날개, 꼬리"
699020,없음,기타,정면,없음,녹발,단색,분홍,날개
699021,없음,눕기,정면,다리·발,녹발,단색,분홍,없음
699030,없음,서기,정면,없음,은발·백발,단색,은색·회색,없음
699031,없음,엎드리기,정면,없음,보라,단색,은색·회색,"동물귀, 꼬리"
701020,없음,서기,정면,없음,금발,단색,보라,없음
701021,없음,눕기,정면,다리·발,금발,단색,보라,없음
701022,없음,앉기·무릎꿇기,정면,없음,금발,단색,보라,없음
701023,고글,서기,정면,없음,금발,단색,보라,없음
701024,없음,앉기·무릎꿇기,정면,없음,금발,단색,보라,없음
701025,없음,앉기·무릎꿇기,정면,없음,금발,단색,보라,없음
701030,없음,서기,정면,없음,은발·백발,단색,보라,없음
701031,없음,앉기·무릎꿇기,정면,없음,은발·백발,단색,보라,없음
701040,없음,서기,정면,없음,보라,그라데이션,청색,없음
701041,없음,앉기·무릎꿇기,후면,없음,보라,그라데이션,은색·회색,없음
701042,없음,앉기·무릎꿇기,정면,없음,보라,그라데이션,청색,없음
701043,없음,앉기·무릎꿇기,정면,없음,보라,단색,은색·회색,없음
701050,없음,서기,정면,없음,보라,단색,청색,동물귀
701060,없음,앉기·무릎꿇기,정면,없음,은발·백발,단색,적색,없음
701061,없음,엎드리기,정면,없음,은발·백발,단색,분홍,없음
701062,없음,앉기·무릎꿇기,정면,없음,은발·백발,단색,적색,없음
701070,없음,기타,정면,없음,은발·백발,단색,금색,날개
701071,없음,앉기·무릎꿇기,정면,없음,갈색,단색,금색,없음
701080,없음,서기,정면,없음,청발,단색,청색,없음
701081,없음,서기,정면,다리·발,청발,그라데이션,청색,없음
701090,없음,서기,후면,없음,금발,단색,적색,없음
701091,없음,앉기·무릎꿇기,정면,없음,금발,단색,적색,없음
701100,없음,서기,후면,없음,은발·백발,단색,적색,없음
701101,없음,서기,정면,없음,은발·백발,단색,적색,없음
701102,없음,서기,후면,없음,은발·백발,단색,적색,없음
701110,없음,서기,정면,없음,은발·백발,단색,녹색,없음
701111,없음,기타,정면,없음,은발·백발,단색,청색,없음
701120,없음,서기,정면,없음,흑발,단색,금색,없음
701121,없음,앉기·무릎꿇기,정면,없음,흑발,브릿지,금색,없음
701130,없음,서기,정면,없음,청발,그라데이션,녹색,없음
701131,없음,서기,정면,없음,청발,그라데이션,녹색,없음
702010,없음,서기,정면,없음,은발·백발,단색,청색,없음
702011,없음,앉기·무릎꿇기,정면,없음,은발·백발,단색,오드아이,없음
702012,선글라스,앉기·무릎꿇기,정면,없음,은발·백발,단색,보라,없음
702013,없음,눕기,정면,없음,은발·백발,단색,청색,없음
702020,없음,기타,정면,다리·발,흑발,단색,분홍,없음
702021,없음,앉기·무릎꿇기,정면,엉덩이,흑발,단색,분홍,없음
702022,없음,앉기·무릎꿇기,정면,없음,흑발,단색,분홍,없음
702023,없음,앉기·무릎꿇기,정면,없음,흑발,그라데이션,분홍,꼬리
702024,없음,눕기,정면,엉덩이,갈색,단색,분홍,"동물귀, 꼬리"
702025,없음,서기,정면,없음,흑발,그라데이션,보라,없음
702029,없음,서기,정면,없음,은발·백발,단색,분홍,없음
702030,없음,앉기·무릎꿇기,정면,없음,은발·백발,그라데이션,보라,없음
702031,없음,앉기·무릎꿇기,정면,없음,청발,단색,보라,없음
702032,없음,엎드리기,정면,가슴,청발,단색,청색,없음
702033,없음,거꾸로,정면,없음,청발,단색,청색,없음
702034,없음,눕기,정면,다리·발,은발·백발,단색,보라,없음
702040,없음,서기,정면,없음,은발·백발,단색,청색,없음
702041,없음,서기,정면,없음,은발·백발,단색,금색,없음
702042,없음,앉기·무릎꿇기,정면,없음,은발·백발,단색,금색,없음
702043,없음,엎드리기,후면,엉덩이,은발·백발,단색,금색,없음
702050,없음,서기,정면,없음,청발,단색,적색,없음
702051,없음,앉기·무릎꿇기,정면,없음,은발·백발,그라데이션,적색,없음
702052,없음,앉기·무릎꿇기,정면,가슴,청발,단색,적색,동물귀
702060,없음,서기,후면,없음,은발·백발,단색,보라,없음
702061,없음,앉기·무릎꿇기,후면,다리·발,은발·백발,단색,보라,없음
702062,없음,엎드리기,정면,없음,은발·백발,단색,보라,"동물귀, 꼬리"
702070,없음,서기,정면,없음,청발,단색,분홍,없음
702071,없음,앉기·무릎꿇기,정면,다리·발,청발,단색,분홍,없음
702072,없음,엎드리기,정면,엉덩이,청발,단색,적색,없음
702080,고글,서기,정면,없음,은발·백발,단색,녹색,없음
702081,없음,앉기·무릎꿇기,정면,다리·발,은발·백발,단색,녹색,동물귀
702090,안대,거꾸로,정면,없음,은발·백발,단색,,없음
702091,안대,앉기·무릎꿇기,정면,다리·발,은발·백발,단색,,없음
702100,없음,기타,정면,없음,청발,단색,보라,없음
702101,없음,앉기·무릎꿇기,후면,엉덩이,청발,단색,보라,없음
703010,없음,앉기·무릎꿇기,정면,없음,은발·백발,단색,적색,없음
703011,없음,눕기,정면,다리·발,은발·백발,단색,적색,없음
703012,없음,앉기·무릎꿇기,정면,다리·발,청발,브릿지,적색,없음
703013,없음,앉기·무릎꿇기,정면,없음,은발·백발,브릿지,적색,없음
703020,없음,서기,정면,없음,은발·백발,단색,적색,없음
703021,없음,앉기·무릎꿇기,정면,다리·발,은발·백발,단색,적색,동물귀
703022,없음,앉기·무릎꿇기,정면,다리·발,은발·백발,단색,적색,꼬리
703030,없음,서기,정면,없음,녹발,단색,보라,없음
703031,없음,앉기·무릎꿇기,정면,다리·발,녹발,단색,보라,없음
705010,없음,서기,정면,없음,은발·백발,단색,적색,없음
705011,없음,앉기·무릎꿇기,정면,없음,은발·백발,단색,적색,없음
705012,없음,눕기,정면,다리·발,은발·백발,단색,적색,없음
705020,없음,서기,정면,없음,은발·백발,단색,청색,없음
705021,없음,기타,정면,없음,은발·백발,단색,청색,없음
705022,없음,엎드리기,후면,엉덩이,은발·백발,단색,청색,없음
705023,없음,기타,정면,다리·발,은발·백발,단색,청색,없음
705040,없음,서기,정면,없음,청발,단색,청색,없음
705041,없음,앉기·무릎꿇기,정면,없음,청발,단색,청색,없음
705042,선글라스,서기,후면,엉덩이,청발,그라데이션,청색,없음
705050,없음,서기,정면,없음,은발·백발,단색,적색,없음
705051,없음,앉기·무릎꿇기,정면,없음,은발·백발,단색,적색,없음
705060,없음,앉기·무릎꿇기,정면,없음,은발·백발,그라데이션,금색,없음
705061,없음,앉기·무릎꿇기,정면,다리·발,은발·백발,그라데이션,금색,없음
705062,없음,앉기·무릎꿇기,정면,없음,은발·백발,단색,금색,없음
705070,없음,서기,정면,없음,은발·백발,단색,적색,없음
705071,없음,앉기·무릎꿇기,정면,없음,은발·백발,단색,적색,없음
705080,없음,서기,정면,없음,보라,그라데이션,분홍,없음
705081,없음,앉기·무릎꿇기,정면,다리·발,보라,단색,보라,없음
705090,없음,서기,정면,없음,분홍,단색,청색,없음
705091,없음,서기,후면,다리·발,분홍,단색,청색,없음
707010,없음,서기,정면,없음,적발,단색,금색,없음
707011,없음,서기,정면,없음,갈색,단색,금색,없음
718010,없음,서기,정면,없음,은발·백발,단색,청색,없음
718011,없음,서기,정면,없음,은발·백발,단색,청색,없음
718012,없음,서기,정면,가슴,은발·백발,단색,청색,"뿔, 꼬리"
799010,없음,서기,정면,없음,은발·백발,단색,금색,없음
799011,선글라스,서기,정면,없음,회색,단색,금색,없음
799020,없음,서기,정면,없음,녹발,단색,갈색,없음
799021,없음,앉기·무릎꿇기,정면,없음,녹발,단색,금색,동물귀
799022,없음,서기,정면,없음,녹발,단색,금색,없음
799023,없음,앉기·무릎꿇기,정면,다리·발,녹발,단색,금색,"동물귀, 꼬리"
799030,없음,서기,정면,없음,은발·백발,단색,보라,없음
799031,없음,앉기·무릎꿇기,정면,없음,은발·백발,단색,보라,동물귀
801010,없음,서기,정면,없음,금발,단색,청색,없음
801020,없음,서기,정면,없음,금발,단색,녹색,없음
801021,없음,서기,정면,없음,금발,단색,녹색,없음
801022,없음,서기,정면,없음,금발,단색,녹색,없음
801023,없음,앉기·무릎꿇기,정면,없음,금발,단색,녹색,없음
801028,없음,앉기·무릎꿇기,정면,없음,금발,단색,녹색,없음
801029,없음,서기,정면,없음,금발,단색,녹색,없음
801030,없음,서기,정면,없음,금발,그라데이션,녹색,없음
801031,없음,앉기·무릎꿇기,정면,없음,금발,단색,녹색,없음
801032,없음,앉기·무릎꿇기,정면,없음,금발,그라데이션,녹색,없음
801033,없음,서기,정면,다리·발,금발,단색,녹색,없음
801040,안경,기타,정면,없음,은발·백발,단색,녹색,없음
801041,없음,앉기·무릎꿇기,정면,없음,은발·백발,단색,녹색,없음
801050,없음,서기,정면,없음,흑발,그라데이션,보라,없음
801051,없음,앉기·무릎꿇기,정면,없음,흑발,단색,보라,없음
801060,없음,서기,정면,없음,청발,단색,,없음
801061,없음,기타,정면,없음,은발·백발,그라데이션,,없음
801070,없음,서기,정면,없음,금발,단색,은색·회색,없음
801071,없음,눕기,정면,없음,금발,단색,,없음
801072,없음,앉기·무릎꿇기,정면,없음,금발,단색,청색,없음
801080,없음,기타,정면,없음,청발,그라데이션,청색,동물귀
801081,없음,앉기·무릎꿇기,정면,없음,청발,브릿지,청색,없음
801082,없음,앉기·무릎꿇기,정면,다리·발,청발,그라데이션,청색,없음
801090,없음,앉기·무릎꿇기,정면,없음,금발,단색,녹색,없음
802010,없음,서기,후면,엉덩이,금발,단색,청색,없음
802011,없음,앉기·무릎꿇기,정면,없음,금발,단색,청색,없음
802012,없음,앉기·무릎꿇기,정면,없음,금발,단색,청색,없음
802013,없음,서기,정면,없음,금발,단색,청색,없음
802019,없음,서기,후면,없음,금발,단색,청색,없음
802020,없음,서기,정면,없음,금발,단색,청색,없음
802021,없음,서기,정면,없음,금발,단색,청색,없음
802022,없음,서기,정면,없음,금발,단색,청색,없음
802030,없음,앉기·무릎꿇기,정면,없음,은발·백발,단색,청색,없음
802031,없음,서기,정면,다리·발,은발·백발,단색,청색,없음
802032,없음,눕기,정면,가슴,은발·백발,단색,보라,없음
802040,없음,서기,정면,없음,은발·백발,단색,보라,없음
802041,없음,앉기·무릎꿇기,정면,없음,은발·백발,단색,보라,없음
803010,없음,서기,정면,없음,은발·백발,단색,청색,"꼬리, 뿔"
803011,없음,앉기·무릎꿇기,정면,없음,은발·백발,단색,청색,뿔
803012,없음,눕기,정면,없음,은발·백발,단색,청색,없음
803020,없음,서기,정면,없음,은발·백발,그라데이션,보라,없음
803021,없음,앉기·무릎꿇기,후면,엉덩이,은발·백발,그라데이션,청색,없음
803022,없음,앉기·무릎꿇기,정면,없음,은발·백발,단색,보라,뿔
803030,없음,기타,정면,없음,보라,단색,적색,없음
803031,없음,앉기·무릎꿇기,정면,다리·발,청발,단색,적색,없음
804010,없음,서기,정면,없음,금발,단색,청색,없음
804011,없음,엎드리기,후면,엉덩이,금발,단색,청색,없음
805010,없음,서기,정면,없음,금발,단색,금색,없음
805011,없음,서기,정면,없음,금발,단색,적색,없음
805012,없음,앉기·무릎꿇기,정면,없음,금발,단색,분홍,없음
805020,없음,서기,정면,없음,보라,단색,적색,없음
805021,없음,서기,정면,다리·발,보라,단색,적색,없음
805030,안대,서기,정면,없음,청발,단색,,"날개, 후광"
805031,선글라스,앉기·무릎꿇기,정면,없음,은발·백발,단색,,없음
805032,안대,엎드리기,정면,엉덩이,은발·백발,단색,,뿔
806010,없음,서기,정면,없음,은발·백발,단색,청색,동물귀
806011,없음,앉기·무릎꿇기,정면,다리·발,은발·백발,단색,청색,없음
806020,없음,기타,정면,없음,보라,그라데이션,적색,"뿔, 날개"
806021,없음,기타,정면,다리·발,보라,단색,적색,없음
807010,안경,서기,정면,없음,은발·백발,단색,은색·회색,없음
807011,없음,앉기·무릎꿇기,정면,없음,흑발,단색,은색·회색,없음
807020,없음,서기,정면,없음,금발,단색,청색,없음
807021,없음,엎드리기,후면,엉덩이,은발·백발,단색,청색,없음
807022,없음,앉기·무릎꿇기,정면,없음,금발,단색,,없음
808010,없음,앉기·무릎꿇기,정면,다리·발,적발,단색,녹색,없음
808011,선글라스,서기,정면,다리·발,적발,단색,녹색,없음
808012,선글라스,눕기,정면,다리·발,분홍,그라데이션,녹색,없음
818010,없음,서기,정면,없음,은발·백발,단색,은색·회색,없음
818011,없음,엎드리기,후면,엉덩이,은발·백발,단색,은색·회색,없음
899010,없음,서기,정면,없음,은발·백발,단색,적색,없음
899011,없음,앉기·무릎꿇기,정면,엉덩이,은발·백발,단색,적색,없음
899012,없음,앉기·무릎꿇기,정면,다리·발,은발·백발,단색,적색,없음
899013,없음,엎드리기,정면,엉덩이,회색,단색,적색,없음
899020,없음,앉기·무릎꿇기,정면,없음,청발,단색,,없음
899021,없음,앉기·무릎꿇기,정면,없음,청발,단색,,없음
899028,없음,서기,정면,없음,은발·백발,그라데이션,은색·회색,없음
899030,없음,서기,정면,없음,금발,단색,청색,"날개, 후광"
899031,없음,기타,후면,없음,금발,단색,청색,없음
899032,없음,눕기,정면,없음,금발,단색,청색,없음
899040,없음,서기,정면,없음,금발,단색,청색,없음
899041,없음,앉기·무릎꿇기,정면,가슴,금발,단색,청색,동물귀
899050,없음,서기,정면,없음,흑발,그라데이션,분홍,없음
901010,없음,기타,정면,없음,갈색,단색,청색,없음
901011,없음,기타,후면,엉덩이,갈색,단색,청색,없음
901012,없음,서기,정면,없음,갈색,단색,청색,없음
901013,없음,서기,정면,없음,갈색,단색,청색,없음
901019,없음,서기,정면,없음,갈색,단색,청색,없음
901020,없음,서기,정면,없음,분홍,단색,금색,없음
901021,없음,앉기·무릎꿇기,후면,엉덩이,분홍,단색,금색,없음
901030,없음,서기,정면,없음,은발·백발,브릿지,적색,없음
901031,없음,서기,정면,엉덩이,은발·백발,투톤,적색,없음
901032,없음,서기,정면,없음,은발·백발,투톤,,없음
901033,없음,앉기·무릎꿇기,정면,없음,은발·백발,그라데이션,적색,없음
901040,없음,서기,정면,없음,금발,단색,적색,없음
901041,없음,서기,정면,엉덩이,은발·백발,단색,적색,없음
901042,없음,기타,후면,엉덩이,금발,단색,적색,없음
901050,없음,기타,정면,없음,적발,단색,보라,없음
901051,없음,엎드리기,정면,다리·발,적발,단색,보라,없음
901060,없음,서기,정면,없음,흑발,단색,청색,없음
901061,없음,앉기·무릎꿇기,정면,없음,흑발,브릿지,은색·회색,없음
901070,없음,서기,정면,없음,보라,단색,보라,없음
901071,없음,서기,정면,다리·발,보라,단색,보라,없음
901072,없음,엎드리기,정면,가슴,보라,단색,보라,없음
901073,없음,기타,정면,가슴,보라,그라데이션,보라,없음
901074,없음,앉기·무릎꿇기,정면,가슴,보라,단색,보라,없음
901110,없음,서기,정면,없음,은발·백발,단색,청색,없음
901111,없음,앉기·무릎꿇기,정면,없음,은발·백발,그라데이션,보라,없음
901112,없음,눕기,정면,없음,은발·백발,단색,은색·회색,없음
901113,없음,앉기·무릎꿇기,정면,없음,은발·백발,단색,청색,동물귀
901120,없음,서기,후면,없음,은발·백발,단색,청색,없음
901130,없음,서기,정면,없음,은발·백발,단색,청색,뿔
901131,없음,눕기,정면,없음,은발·백발,단색,청색,뿔
901132,없음,서기,정면,없음,은발·백발,브릿지,청색,없음
901133,안경,앉기·무릎꿇기,정면,없음,은발·백발,브릿지,청색,없음
901140,없음,서기,정면,없음,은발·백발,단색,적색,없음
901141,없음,엎드리기,정면,엉덩이,은발·백발,단색,적색,없음
902010,없음,서기,정면,없음,분홍,단색,보라,없음
902011,없음,앉기·무릎꿇기,정면,없음,분홍,단색,보라,없음
902012,없음,앉기·무릎꿇기,정면,없음,분홍,단색,분홍,없음
902013,없음,엎드리기,정면,다리·발,분홍,단색,보라,"동물귀, 꼬리"
902020,없음,서기,정면,없음,은발·백발,단색,적색,없음
902021,없음,앉기·무릎꿇기,정면,없음,은발·백발,단색,적색,없음
903010,없음,서기,정면,없음,보라,그라데이션,분홍,없음
903011,없음,서기,정면,없음,흑발,그라데이션,적색,없음
903012,없음,서기,정면,없음,흑발,단색,분홍,없음
903020,없음,서기,정면,없음,은발·백발,단색,보라,없음
903021,없음,거꾸로,정면,가슴,은발·백발,단색,보라,없음
903022,없음,앉기·무릎꿇기,정면,없음,은발·백발,단색,보라,없음
903030,안경,서기,정면,없음,흑발,단색,분홍,없음
903031,안경,앉기·무릎꿇기,정면,엉덩이,흑발,그라데이션,보라,없음
904010,없음,기타,정면,없음,은발·백발,단색,적색,없음
904011,없음,눕기,정면,다리·발,은발·백발,단색,적색,없음
904012,선글라스,앉기·무릎꿇기,정면,없음,은발·백발,단색,적색,없음
904020,없음,서기,정면,없음,흑발,단색,보라,없음
904021,없음,앉기·무릎꿇기,정면,엉덩이,흑발,단색,분홍,꼬리
905010,없음,앉기·무릎꿇기,정면,없음,은발·백발,단색,적색,없음
905011,없음,서기,후면,엉덩이,갈색,단색,분홍,없음
905012,없음,눕기,정면,없음,금발,단색,분홍,없음
905013,없음,서기,후면,없음,은발·백발,단색,분홍,없음
905014,없음,앉기·무릎꿇기,정면,없음,갈색,그라데이션,분홍,없음
905020,없음,서기,정면,없음,분홍,단색,적색,없음
905021,없음,서기,정면,없음,갈색,단색,분홍,없음
905030,없음,서기,정면,없음,청발,단색,금색,없음
907010,없음,앉기·무릎꿇기,정면,없음,은발·백발,단색,분홍,"날개, 후광"
907011,없음,앉기·무릎꿇기,정면,다리·발,은발·백발,단색,분홍,없음
907012,없음,앉기·무릎꿇기,후면,없음,은발·백발,단색,분홍,없음
907013,없음,서기,정면,가슴,은발·백발,단색,적색,없음
999010,없음,서기,정면,없음,은발·백발,브릿지,금색,없음
999011,없음,거꾸로,정면,없음,청발,단색,금색,없음
999012,없음,서기,후면,없음,청발,브릿지,금색,없음
999020,없음,서기,정면,없음,은발·백발,단색,보라,없음
999021,없음,앉기·무릎꿇기,정면,없음,은발·백발,단색,보라,없음
1101010,없음,서기,후면,없음,은발·백발,단색,보라,없음
1101011,없음,앉기·무릎꿇기,정면,없음,은발·백발,단색,보라,없음
1101012,없음,앉기·무릎꿇기,정면,없음,은발·백발,단색,보라,없음
1102010,없음,서기,정면,없음,금발,단색,녹색,없음
1102011,없음,엎드리기,정면,가슴,금발,단색,녹색,없음
1199010,없음,서기,정면,없음,금발,단색,보라,없음
1199011,없음,눕기,정면,없음,금발,단색,보라,동물귀
1299010,없음,서기,정면,없음,은발·백발,단색,보라,날개
9600010,없음,서기,정면,없음,흑발,단색,적색,없음
9600011,없음,엎드리기,정면,가슴,흑발,단색,적색,"뿔, 날개, 꼬리"
9600012,없음,앉기·무릎꿇기,정면,없음,흑발,단색,적색,없음
9600020,없음,서기,정면,없음,은발·백발,단색,적색,"날개, 후광"
9600021,없음,앉기·무릎꿇기,정면,없음,은발·백발,단색,적색,날개
9600030,없음,앉기·무릎꿇기,정면,없음,흑발,브릿지,청색,없음
9600031,없음,서기,후면,없음,보라,단색,금색,뿔
9600040,없음,서기,정면,없음,청발,단색,은색·회색,뿔
9600041,없음,서기,정면,없음,청발,단색,청색,날개
9600050,없음,앉기·무릎꿇기,정면,없음,흑발,단색,적색,없음
9600051,없음,엎드리기,정면,없음,흑발,단색,적색,없음
9600060,없음,기타,정면,없음,보라,단색,적색,뿔
9600061,없음,서기,정면,없음,보라,단색,적색,날개
9600070,없음,기타,정면,없음,은발·백발,그라데이션,보라,없음
9600071,없음,기타,정면,없음,분홍,그라데이션,보라,없음
9600080,없음,기타,정면,없음,은발·백발,단색,,없음
9600081,없음,앉기·무릎꿇기,정면,다리·발,은발·백발,단색,은색·회색,없음
9600090,없음,기타,정면,없음,적발,단색,청색,없음
9600091,없음,기타,정면,다리·발,적발,단색,오드아이,없음
9600100,없음,서기,정면,없음,적발,단색,청색,없음
9600101,없음,기타,정면,없음,적발,단색,보라,"동물귀, 날개"
9600110,없음,서기,정면,없음,은발·백발,단색,청색,없음
9600111,없음,앉기·무릎꿇기,정면,다리·발,은발·백발,단색,청색,없음
9600120,없음,서기,정면,없음,흑발,단색,보라,없음
9600121,없음,기타,정면,없음,흑발,브릿지,갈색,없음
9600130,없음,서기,정면,없음,흑발,브릿지,금색,없음
9600131,없음,엎드리기,정면,엉덩이,흑발,단색,금색,"뿔, 날개"
9600140,없음,기타,정면,없음,은발·백발,단색,적색,날개
9600141,없음,눕기,정면,다리·발,은발·백발,단색,적색,"날개, 후광"
9600150,없음,서기,정면,없음,은발·백발,브릿지,녹색,없음
9600151,없음,앉기·무릎꿇기,정면,없음,은발·백발,단색,녹색,없음
9600160,없음,서기,정면,없음,은발·백발,그라데이션,분홍,없음
9600161,없음,앉기·무릎꿇기,정면,다리·발,은발·백발,그라데이션,분홍,없음
9701010,없음,서기,정면,없음,금발,단색,적색,없음
9701020,없음,서기,정면,없음,은발·백발,단색,보라,없음
9701030,안경,서기,정면,없음,청발,그라데이션,금색,없음
9701040,없음,서기,정면,없음,흑발,그라데이션,적색,없음
9701050,없음,서기,정면,없음,은발·백발,단색,적색,날개
9701060,없음,앉기·무릎꿇기,정면,없음,은발·백발,그라데이션,청색,동물귀
9701070,없음,앉기·무릎꿇기,정면,없음,보라,그라데이션,적색,없음
9701080,없음,서기,후면,없음,은발·백발,단색,청색,동물귀
9701090,없음,앉기·무릎꿇기,정면,없음,은발·백발,단색,적색,동물귀
9701100,없음,서기,후면,없음,보라,단색,금색,없음
9701110,없음,앉기·무릎꿇기,정면,없음,금발,단색,보라,없음
9701120,없음,기타,정면,없음,흑발,단색,금색,없음
9702010,없음,기타,정면,없음,청발,그라데이션,적색,없음
9702020,없음,서기,정면,없음,분홍,그라데이션,녹색,없음
9702030,없음,앉기·무릎꿇기,정면,없음,은발·백발,단색,금색,없음
9702040,없음,서기,정면,없음,분홍,단색,적색,없음
9702050,없음,서기,정면,없음,청발,단색,청색,없음
9702060,안대,서기,정면,없음,은발·백발,단색,금색,없음
9702070,없음,서기,정면,없음,은발·백발,그라데이션,분홍,없음
9702080,없음,기타,정면,없음,청발,단색,금색,없음
9702090,없음,서기,정면,없음,금발,단색,적색,없음
9702100,안경,서기,정면,없음,은발·백발,단색,은색·회색,없음
9702110,없음,기타,정면,없음,청발,단색,금색,"뿔, 날개, 꼬리"
9702120,없음,서기,정면,없음,은발·백발,단색,녹색,없음
9703010,없음,서기,후면,엉덩이,보라,단색,적색,없음
9703020,없음,앉기·무릎꿇기,정면,다리·발,은발·백발,단색,보라,없음
9703030,없음,서기,정면,없음,보라,그라데이션,분홍,없음
9703040,없음,서기,정면,없음,적발,단색,적색,없음
9703050,없음,서기,후면,없음,금발,단색,녹색,없음
9703060,없음,서기,정면,없음,흑발,브릿지,적색,없음
9704010,안경,앉기·무릎꿇기,정면,없음,은발·백발,단색,청색,없음
9704020,안대,서기,정면,없음,은발·백발,단색,청색,없음
9704030,없음,서기,정면,없음,금발,단색,청색,없음
9704040,없음,서기,정면,없음,금발,단색,은색·회색,없음
9704050,없음,서기,후면,없음,흑발,단색,금색,뿔
9704060,없음,서기,정면,없음,은발·백발,단색,분홍,없음
9705010,없음,서기,정면,없음,흑발,단색,청색,동물귀
9705020,없음,기타,정면,없음,흑발,단색,적색,없음
9705030,없음,앉기·무릎꿇기,정면,없음,흑발,단색,녹색,없음
9705040,없음,서기,정면,없음,은발·백발,단색,적색,없음
9705050,없음,기타,정면,없음,은발·백발,그라데이션,보라,날개
9705060,없음,서기,정면,없음,흑발,단색,금색,없음
9705070,없음,서기,정면,없음,은발·백발,단색,금색,없음
9705080,없음,앉기·무릎꿇기,정면,다리·발,은발·백발,단색,금색,없음
9705090,없음,기타,정면,엉덩이,금발,단색,금색,없음
9705100,없음,서기,정면,없음,은발·백발,단색,적색,없음
9706010,없음,서기,정면,없음,은발·백발,단색,금색,동물귀
9706020,없음,서기,후면,없음,보라,단색,갈색,동물귀
9706030,없음,서기,정면,없음,분홍,단색,분홍,없음
9706040,없음,앉기·무릎꿇기,정면,다리·발,보라,그라데이션,적색,없음
9706050,없음,앉기·무릎꿇기,후면,엉덩이,은발·백발,단색,청색,없음
9707010,없음,서기,정면,없음,은발·백발,단색,청색,없음
9707020,없음,서기,정면,없음,보라,단색,청색,없음
9707030,안경,기타,정면,없음,흑발,그라데이션,청색,없음
9707040,안대,서기,정면,없음,은발·백발,단색,은색·회색,없음
9707050,없음,서기,정면,없음,흑발,단색,적색,"동물귀, 꼬리"
9707060,없음,서기,정면,없음,금발,단색,녹색,없음
9707070,없음,서기,정면,없음,금발,단색,,없음
9707080,없음,서기,정면,없음,은발·백발,그라데이션,청색,날개
9708010,없음,서기,정면,없음,은발·백발,단색,적색,없음
9712010,없음,앉기·무릎꿇기,정면,없음,은발·백발,단색,적색,날개
9713010,없음,서기,정면,없음,은발·백발,단색,분홍,날개
10100010,없음,기타,정면,없음,보라,단색,보라,없음
10100020,없음,서기,정면,없음,흑발,단색,적색,없음
10100030,없음,서기,정면,없음,갈색,단색,청색,없음
10100040,없음,앉기·무릎꿇기,정면,없음,금발,단색,청색,없음
10100050,없음,서기,정면,없음,보라,단색,청색,없음
10100051,없음,서기,후면,없음,보라,단색,청색,없음
10100060,없음,기타,정면,없음,은발·백발,단색,청색,없음
10100061,없음,서기,정면,없음,은발·백발,단색,청색,없음
10100070,없음,기타,정면,없음,청발,단색,적색,없음
10100071,없음,서기,정면,없음,청발,단색,적색,없음
10100080,없음,기타,정면,없음,녹발,단색,보라,없음
10100081,없음,서기,정면,없음,녹발,단색,보라,없음
10300010,없음,서기,정면,없음,청발,단색,갈색,없음
10300011,없음,서기,정면,없음,흑발,단색,금색,없음
10300020,없음,서기,정면,없음,흑발,단색,분홍,"동물귀, 꼬리"
10300021,없음,서기,정면,없음,갈색,단색,적색,"동물귀, 꼬리"
10300030,없음,기타,정면,없음,갈색,단색,갈색,꼬리
10300031,없음,서기,정면,없음,흑발,단색,적색,없음
10300040,없음,서기,정면,없음,금발,단색,갈색,없음
10300041,없음,서기,정면,없음,은발·백발,단색,갈색,없음
10300050,없음,서기,정면,없음,금발,단색,갈색,없음
10300051,없음,서기,정면,없음,은발·백발,단색,갈색,없음
10300060,없음,기타,정면,가슴,갈색,단색,보라,"꼬리, 동물귀"
10300061,없음,서기,정면,없음,갈색,단색,보라,"동물귀, 꼬리"
10400010,없음,기타,정면,없음,갈색,브릿지,청색,없음
10400011,없음,서기,정면,없음,갈색,브릿지,청색,없음
10400020,없음,서기,정면,없음,갈색,브릿지,청색,없음
10400030,없음,서기,정면,없음,갈색,단색,청색,없음
10400040,없음,서기,정면,없음,갈색,브릿지,청색,없음
10500010,없음,서기,정면,없음,은발·백발,단색,녹색,동물귀
10500011,없음,앉기·무릎꿇기,정면,없음,은발·백발,단색,녹색,"동물귀, 꼬리"
10500020,없음,서기,정면,없음,갈색,단색,청색,없음
10500021,없음,앉기·무릎꿇기,정면,없음,갈색,단색,보라,없음
10500030,없음,엎드리기,후면,엉덩이,보라,그라데이션,보라,없음
10500031,없음,서기,정면,없음,보라,브릿지,보라,없음
10500040,없음,기타,정면,없음,갈색,단색,녹색,없음
10500041,없음,서기,정면,없음,갈색,단색,녹색,없음
10500050,없음,서기,정면,없음,은발·백발,브릿지,적색,뿔
10500051,없음,앉기·무릎꿇기,정면,다리·발,은발·백발,브릿지,보라,뿔
10500060,없음,기타,정면,없음,은발·백발,단색,금색,없음
10500061,없음,기타,정면,다리·발,은발·백발,단색,금색,없음
10500070,없음,서기,정면,없음,흑발,그라데이션,금색,"동물귀, 꼬리"
10500071,없음,앉기·무릎꿇기,정면,없음,흑발,브릿지,금색,"동물귀, 꼬리"
10600010,없음,서기,정면,없음,금발,단색,청색,없음
10600011,없음,앉기·무릎꿇기,정면,다리·발,금발,단색,청색,없음
10600012,없음,앉기·무릎꿇기,정면,다리·발,금발,단색,청색,없음
10600020,없음,서기,후면,없음,분홍,단색,적색,없음
10600021,없음,앉기·무릎꿇기,정면,없음,분홍,단색,적색,없음
10600030,없음,서기,정면,없음,갈색,단색,갈색,없음
10600031,없음,거꾸로,정면,없음,갈색,단색,갈색,없음
10600040,없음,서기,정면,없음,갈색,단색,금색,없음
10600041,없음,엎드리기,정면,엉덩이,갈색,단색,갈색,없음
10600042,없음,앉기·무릎꿇기,후면,엉덩이,갈색,단색,갈색,없음
10600050,없음,서기,정면,없음,흑발,단색,갈색,없음
10600051,없음,서기,정면,없음,흑발,단색,금색,없음
10600060,없음,앉기·무릎꿇기,정면,없음,흑발,단색,보라,날개
10600061,없음,앉기·무릎꿇기,정면,없음,흑발,단색,보라,없음
10600070,없음,앉기·무릎꿇기,정면,다리·발,갈색,단색,은색·회색,동물귀
10600071,없음,앉기·무릎꿇기,정면,다리·발,갈색,단색,청색,없음
10600080,없음,앉기·무릎꿇기,정면,다리·발,은발·백발,단색,청색,없음
10600081,없음,서기,정면,없음,은발·백발,단색,청색,없음
10600090,없음,서기,정면,없음,청발,브릿지,녹색,없음
10600091,없음,앉기·무릎꿇기,정면,엉덩이,청발,브릿지,녹색,없음
10600100,없음,서기,정면,없음,분홍,단색,청색,없음
10600101,없음,앉기·무릎꿇기,정면,다리·발,분홍,단색,청색,없음
10600110,없음,기타,정면,없음,은발·백발,단색,보라,"동물귀, 꼬리"
10600111,없음,엎드리기,후면,엉덩이,은발·백발,단색,분홍,"동물귀, 꼬리"
10600120,없음,앉기·무릎꿇기,정면,없음,보라,브릿지,금색,없음
10600121,없음,엎드리기,정면,엉덩이,흑발,브릿지,금색,없음
10600130,안경,앉기·무릎꿇기,후면,엉덩이,갈색,그라데이션,갈색,없음
10600131,안경,엎드리기,후면,다리·발,갈색,단색,갈색,없음
10600140,없음,기타,후면,없음,은발·백발,단색,청색,없음
10600141,없음,눕기,정면,다리·발,은발·백발,단색,청색,동물귀
10600150,없음,서기,정면,없음,금발,브릿지,보라,없음
10600151,없음,기타,정면,가슴,금발,브릿지,보라,"동물귀, 꼬리"
10700010,없음,기타,정면,없음,갈색,단색,청색,없음
10700011,없음,서기,후면,없음,갈색,단색,청색,없음
10700020,없음,서기,정면,없음,보라,단색,갈색,없음
10700021,없음,서기,정면,없음,청발,그라데이션,갈색,없음
10700030,없음,서기,정면,없음,갈색,단색,적색,없음
10700031,없음,앉기·무릎꿇기,정면,없음,갈색,단색,갈색,없음
10700040,없음,서기,정면,없음,청발,단색,보라,없음
10700041,없음,앉기·무릎꿇기,정면,없음,청발,단색,적색,없음
10700050,안경,서기,정면,없음,갈색,단색,갈색,없음
10700051,안경,서기,정면,없음,갈색,단색,갈색,없음
10700060,없음,서기,후면,없음,갈색,단색,갈색,없음
10700061,없음,서기,정면,없음,갈색,단색,갈색,없음
10700070,없음,기타,정면,없음,갈색,단색,갈색,없음
10700071,없음,서기,정면,없음,갈색,단색,갈색,없음
10800010,없음,서기,정면,없음,흑발,단색,청색,없음
10800011,없음,기타,정면,다리·발,흑발,단색,청색,없음
10800012,없음,앉기·무릎꿇기,정면,다리·발,흑발,단색,청색,없음
10800020,없음,기타,정면,없음,은발·백발,단색,분홍,없음
10800021,없음,눕기,정면,다리·발,보라,단색,분홍,없음
10800022,없음,엎드리기,후면,다리·발,보라,단색,분홍,없음
10800030,없음,앉기·무릎꿇기,정면,없음,흑발,단색,녹색,없음
10800031,없음,서기,정면,다리·발,흑발,브릿지,청색,없음
10800040,없음,서기,정면,없음,갈색,단색,청색,없음
10800041,없음,서기,정면,없음,흑발,단색,청색,없음
10800050,없음,서기,후면,없음,금발,단색,녹색,없음
10800051,없음,앉기·무릎꿇기,정면,다리·발,금발,단색,녹색,없음
10800052,없음,서기,정면,없음,금발,그라데이션,녹색,없음
10800060,없음,서기,정면,없음,적발,단색,청색,없음
10800061,없음,거꾸로,정면,없음,적발,단색,청색,없음
10800062,없음,앉기·무릎꿇기,정면,없음,적발,단색,청색,없음
10800070,없음,서기,정면,없음,은발·백발,단색,청색,없음
10800071,없음,서기,정면,없음,분홍,단색,청색,없음
10800080,안경,서기,정면,없음,흑발,단색,적색,없음
10800081,안경,앉기·무릎꿇기,정면,없음,흑발,단색,적색,없음
10800090,없음,서기,후면,없음,보라,단색,청색,없음
10800091,없음,앉기·무릎꿇기,정면,없음,흑발,단색,청색,없음
10900010,없음,서기,정면,없음,갈색,단색,금색,없음
10900011,없음,엎드리기,정면,없음,갈색,단색,금색,없음
10900012,없음,거꾸로,후면,엉덩이,갈색,단색,금색,없음
10900020,없음,서기,정면,없음,금발,단색,녹색,없음
10900021,없음,앉기·무릎꿇기,정면,없음,금발,단색,녹색,없음
10900030,없음,서기,후면,없음,은발·백발,그라데이션,청색,없음
10900031,없음,앉기·무릎꿇기,후면,없음,보라,단색,청색,없음
10900040,없음,서기,정면,없음,은발·백발,단색,보라,없음
10900041,없음,서기,정면,없음,은발·백발,단색,오드아이,없음
10900050,없음,서기,정면,없음,은발·백발,단색,녹색,없음
10900051,없음,앉기·무릎꿇기,정면,없음,은발·백발,단색,오드아이,없음
10900060,없음,서기,정면,없음,은발·백발,단색,금색,없음
10900061,없음,서기,정면,엉덩이,은발·백발,단색,오드아이,없음
11000010,없음,서기,정면,다리·발,흑발,단색,금색,없음
11000011,선글라스,앉기·무릎꿇기,정면,없음,흑발,단색,금색,없음
11000020,없음,서기,정면,없음,흑발,단색,청색,없음
11000021,없음,앉기·무릎꿇기,정면,없음,흑발,단색,녹색,없음
11000030,없음,기타,정면,없음,흑발,단색,녹색,없음
11000031,없음,앉기·무릎꿇기,정면,없음,흑발,단색,청색,없음
11000040,없음,서기,정면,없음,은발·백발,단색,청색,없음
11000041,없음,앉기·무릎꿇기,정면,가슴,은발·백발,단색,청색,없음
11000050,없음,서기,정면,없음,흑발,단색,보라,없음
11000051,없음,서기,정면,없음,갈색,단색,은색·회색,없음
11000060,없음,서기,정면,없음,보라,단색,보라,없음
11000061,없음,엎드리기,정면,없음,보라,단색,보라,없음
11000070,없음,거꾸로,후면,없음,은발·백발,단색,청색,날개
11000071,없음,서기,정면,없음,은발·백발,단색,청색,없음
11100010,없음,서기,정면,없음,분홍,단색,녹색,"꼬리, 날개"
11100011,없음,거꾸로,정면,없음,분홍,단색,녹색,꼬리
11100020,없음,서기,정면,없음,분홍,단색,보라,"날개, 꼬리"
11100021,없음,엎드리기,후면,엉덩이,분홍,단색,보라,꼬리
11100030,없음,앉기·무릎꿇기,정면,없음,분홍,단색,보라,꼬리
11100031,없음,앉기·무릎꿇기,정면,없음,분홍,단색,보라,꼬리
11100040,없음,서기,정면,없음,금발,단색,적색,없음
11100041,없음,앉기·무릎꿇기,정면,없음,금발,단색,적색,없음
11100050,없음,서기,정면,없음,보라,단색,보라,없음
11100051,없음,앉기·무릎꿇기,정면,없음,보라,단색,보라,없음
11100060,없음,서기,정면,없음,흑발,단색,갈색,없음
11100061,없음,앉기·무릎꿇기,정면,없음,갈색,단색,갈색,없음
11200010,없음,서기,후면,없음,흑발,단색,청색,없음
11200011,없음,눕기,정면,없음,흑발,단색,청색,없음
11200020,없음,서기,정면,없음,흑발,단색,녹색,없음
11200021,없음,눕기,정면,없음,흑발,단색,녹색,없음
11300010,없음,서기,정면,없음,갈색,브릿지,보라,없음
11300011,없음,엎드리기,후면,엉덩이,갈색,단색,보라,없음
11300020,없음,서기,정면,없음,갈색,단색,녹색,없음
11300021,없음,서기,정면,없음,분홍,단색,녹색,없음
11300030,없음,서기,정면,없음,금발,단색,보라,없음
11300031,없음,앉기·무릎꿇기,정면,다리·발,금발,단색,분홍,없음
11300040,없음,서기,정면,없음,청발,단색,적색,동물귀
11300041,고글,앉기·무릎꿇기,정면,다리·발,청발,단색,적색,"동물귀, 꼬리"
11400010,없음,기타,정면,다리·발,흑발,단색,청색,없음
11400011,고글,앉기·무릎꿇기,정면,없음,흑발,단색,보라,없음
11400020,없음,서기,정면,없음,금발,단색,청색,없음
11400021,없음,서기,정면,없음,금발,단색,청색,없음
11500010,없음,서기,정면,없음,보라,그라데이션,보라,없음
11500011,없음,앉기·무릎꿇기,정면,다리·발,보라,단색,보라,동물귀
11500020,없음,기타,정면,없음,은발·백발,단색,청색,없음
11500021,없음,눕기,정면,없음,은발·백발,단색,청색,없음
11500030,없음,서기,정면,없음,적발,단색,적색,없음
11500031,없음,서기,정면,없음,적발,단색,적색,없음
11500040,없음,서기,정면,없음,청발,단색,청색,없음
11500041,없음,앉기·무릎꿇기,정면,없음,청발,단색,청색,없음
11500050,없음,앉기·무릎꿇기,정면,없음,흑발,단색,오드아이,없음
11500051,없음,서기,후면,엉덩이,흑발,단색,오드아이,없음
11500060,없음,서기,정면,없음,금발,단색,은색·회색,없음
11500061,없음,기타,후면,엉덩이,금발,단색,청색,없음
